task,condition,channel,replicate,converged,boundary,k
1,-1,Fz,0,True,False,0
1,-1,Fz,1,True,False,0
1,-1,Fz,2,True,False,0
1,-1,Fz,3,True,False,0
1,-1,Fz,4,True,False,0
1,-1,Fz,5,True,False,0
1,-1,Fz,6,True,False,0
1,-1,Fz,7,True,False,0
1,-1,Fz,8,True,False,0
1,-1,Fz,9,True,False,0
1,-1,Fz,10,True,False,0
1,-1,Fz,11,True,False,0
1,-1,Fz,12,True,False,0
1,-1,Fz,13,True,False,0
1,-1,Fz,14,True,False,0
1,-1,Fz,15,True,False,0
1,-1,Fz,16,True,False,0
1,-1,Fz,17,True,False,0
1,-1,Fz,18,True,False,0
1,-1,Fz,19,True,False,0
1,-1,Fz,20,True,False,0
1,-1,Fz,21,True,False,0
1,-1,Fz,22,True,False,0
1,-1,Fz,23,True,False,0
1,-1,Fz,24,True,False,0
1,-1,Fz,25,True,False,0
1,-1,Fz,26,True,False,0
1,-1,Fz,27,True,False,0
1,-1,Fz,28,True,False,0
1,-1,Fz,29,True,False,0
1,-1,Fz,30,True,False,0
1,-1,Fz,31,True,False,0
1,-1,Fz,32,True,False,0
1,-1,Fz,33,True,False,0
1,-1,Fz,34,True,False,0
1,-1,Fz,35,True,False,0
1,-1,Fz,36,True,False,0
1,-1,Fz,37,True,False,0
1,-1,Fz,38,True,False,0
1,-1,Fz,39,True,False,0
1,-1,Fz,40,True,False,0
1,-1,Fz,41,True,False,0
1,-1,Fz,42,True,False,0
1,-1,Fz,43,True,False,0
1,-1,Fz,44,True,False,0
1,-1,Fz,45,True,False,0
1,-1,Fz,46,True,False,0
1,-1,Fz,47,True,False,0
1,-1,Fz,48,True,False,0
1,-1,Fz,49,True,False,0
1,-1,Fz,50,True,False,0
1,-1,Fz,51,True,False,0
1,-1,Fz,52,True,False,0
1,-1,Fz,53,True,False,0
1,-1,Fz,54,True,False,0
1,-1,Fz,55,True,False,0
1,-1,Fz,56,True,False,0
1,-1,Fz,57,True,False,0
1,-1,Fz,58,True,False,0
1,-1,Fz,59,True,False,0
1,-1,Fz,60,True,False,0
1,-1,Fz,61,True,False,0
1,-1,Fz,62,True,False,0
1,-1,Fz,63,True,False,0
1,-1,Fz,64,True,False,0
1,-1,Fz,65,True,False,0
1,-1,Fz,66,True,False,0
1,-1,Fz,67,True,False,0
1,-1,Fz,68,True,False,0
1,-1,Fz,69,True,False,0
1,-1,Fz,70,True,False,0
1,-1,Fz,71,True,False,0
1,-1,Fz,72,True,False,0
1,-1,Fz,73,True,False,0
1,-1,Fz,74,True,False,0
1,-1,Fz,75,True,False,0
1,-1,Fz,76,True,False,0
1,-1,Fz,77,True,False,0
1,-1,Fz,78,True,False,0
1,-1,Fz,79,True,False,0
1,-1,Fz,80,True,False,0
1,-1,Fz,81,True,False,0
1,-1,Fz,82,True,False,0
1,-1,Fz,83,True,False,0
1,-1,Fz,84,True,False,0
1,-1,Fz,85,True,False,0
1,-1,Fz,86,True,False,0
1,-1,Fz,87,True,False,0
1,-1,Fz,88,True,False,0
1,-1,Fz,89,True,False,0
1,-1,Fz,90,True,False,0
1,-1,Fz,91,True,False,0
1,-1,Fz,92,True,False,0
1,-1,Fz,93,True,False,0
1,-1,Fz,94,True,False,0
1,-1,Fz,95,True,False,0
1,-1,Fz,96,True,False,0
1,-1,Fz,97,True,False,0
1,-1,Fz,98,True,False,0
1,-1,Fz,99,True,False,0
1,-1,F3,0,True,False,0
1,-1,F3,1,True,False,0
1,-1,F3,2,True,False,0
1,-1,F3,3,True,False,0
1,-1,F3,4,True,False,0
1,-1,F3,5,True,False,0
1,-1,F3,6,True,False,0
1,-1,F3,7,True,False,0
1,-1,F3,8,True,False,0
1,-1,F3,9,True,False,0
1,-1,F3,10,True,False,0
1,-1,F3,11,True,False,0
1,-1,F3,12,True,False,0
1,-1,F3,13,True,False,0
1,-1,F3,14,True,False,0
1,-1,F3,15,True,False,0
1,-1,F3,16,True,False,0
1,-1,F3,17,True,False,0
1,-1,F3,18,True,False,0
1,-1,F3,19,True,False,0
1,-1,F3,20,True,False,0
1,-1,F3,21,True,False,0
1,-1,F3,22,True,False,0
1,-1,F3,23,True,False,0
1,-1,F3,24,True,False,0
1,-1,F3,25,True,False,0
1,-1,F3,26,True,False,0
1,-1,F3,27,True,False,0
1,-1,F3,28,True,False,0
1,-1,F3,29,True,False,0
1,-1,F3,30,True,False,0
1,-1,F3,31,True,False,0
1,-1,F3,32,True,False,0
1,-1,F3,33,True,False,0
1,-1,F3,34,True,False,0
1,-1,F3,35,True,False,0
1,-1,F3,36,True,False,0
1,-1,F3,37,True,False,0
1,-1,F3,38,True,False,0
1,-1,F3,39,True,False,0
1,-1,F3,40,True,False,0
1,-1,F3,41,True,False,0
1,-1,F3,42,True,False,0
1,-1,F3,43,True,False,0
1,-1,F3,44,True,False,0
1,-1,F3,45,True,False,0
1,-1,F3,46,True,False,0
1,-1,F3,47,True,False,0
1,-1,F3,48,True,False,0
1,-1,F3,49,True,False,0
1,-1,F3,50,True,False,0
1,-1,F3,51,True,False,0
1,-1,F3,52,True,False,0
1,-1,F3,53,True,False,0
1,-1,F3,54,True,False,0
1,-1,F3,55,True,False,0
1,-1,F3,56,True,False,0
1,-1,F3,57,True,False,0
1,-1,F3,58,True,False,0
1,-1,F3,59,True,False,0
1,-1,F3,60,True,False,0
1,-1,F3,61,True,False,0
1,-1,F3,62,True,False,0
1,-1,F3,63,True,False,0
1,-1,F3,64,True,False,0
1,-1,F3,65,True,False,0
1,-1,F3,66,True,False,0
1,-1,F3,67,True,False,0
1,-1,F3,68,True,False,0
1,-1,F3,69,True,False,0
1,-1,F3,70,True,False,0
1,-1,F3,71,True,False,0
1,-1,F3,72,True,False,0
1,-1,F3,73,True,False,0
1,-1,F3,74,True,False,0
1,-1,F3,75,True,False,0
1,-1,F3,76,True,False,0
1,-1,F3,77,True,False,0
1,-1,F3,78,True,False,0
1,-1,F3,79,True,False,0
1,-1,F3,80,True,False,0
1,-1,F3,81,True,False,0
1,-1,F3,82,True,False,0
1,-1,F3,83,True,False,0
1,-1,F3,84,True,False,0
1,-1,F3,85,True,False,0
1,-1,F3,86,True,False,0
1,-1,F3,87,True,False,0
1,-1,F3,88,True,False,0
1,-1,F3,89,True,False,0
1,-1,F3,90,True,False,0
1,-1,F3,91,True,False,0
1,-1,F3,92,True,False,0
1,-1,F3,93,True,False,0
1,-1,F3,94,True,False,0
1,-1,F3,95,True,False,0
1,-1,F3,96,True,False,0
1,-1,F3,97,True,False,0
1,-1,F3,98,True,False,0
1,-1,F3,99,True,False,0
1,-1,F4,0,True,False,0
1,-1,F4,1,True,False,0
1,-1,F4,2,True,False,0
1,-1,F4,3,True,False,0
1,-1,F4,4,True,False,0
1,-1,F4,5,True,False,0
1,-1,F4,6,True,False,0
1,-1,F4,7,True,False,0
1,-1,F4,8,True,False,0
1,-1,F4,9,True,False,0
1,-1,F4,10,True,False,0
1,-1,F4,11,True,False,0
1,-1,F4,12,True,False,0
1,-1,F4,13,True,False,0
1,-1,F4,14,True,False,0
1,-1,F4,15,True,False,0
1,-1,F4,16,True,False,0
1,-1,F4,17,True,False,0
1,-1,F4,18,True,False,0
1,-1,F4,19,True,False,0
1,-1,F4,20,True,False,0
1,-1,F4,21,True,False,0
1,-1,F4,22,True,False,0
1,-1,F4,23,True,False,0
1,-1,F4,24,True,False,0
1,-1,F4,25,True,False,0
1,-1,F4,26,True,False,0
1,-1,F4,27,True,False,0
1,-1,F4,28,True,False,0
1,-1,F4,29,True,False,0
1,-1,F4,30,True,False,0
1,-1,F4,31,True,False,0
1,-1,F4,32,True,False,0
1,-1,F4,33,True,False,0
1,-1,F4,34,True,False,0
1,-1,F4,35,True,False,0
1,-1,F4,36,True,False,0
1,-1,F4,37,True,False,0
1,-1,F4,38,True,False,0
1,-1,F4,39,True,False,0
1,-1,F4,40,True,False,0
1,-1,F4,41,True,False,0
1,-1,F4,42,True,False,0
1,-1,F4,43,True,False,0
1,-1,F4,44,True,False,0
1,-1,F4,45,True,False,0
1,-1,F4,46,True,False,0
1,-1,F4,47,True,False,0
1,-1,F4,48,True,False,0
1,-1,F4,49,True,False,0
1,-1,F4,50,True,False,0
1,-1,F4,51,True,False,0
1,-1,F4,52,True,False,0
1,-1,F4,53,True,False,0
1,-1,F4,54,True,False,0
1,-1,F4,55,True,False,0
1,-1,F4,56,True,False,0
1,-1,F4,57,True,False,0
1,-1,F4,58,True,False,0
1,-1,F4,59,True,False,0
1,-1,F4,60,True,False,0
1,-1,F4,61,True,False,0
1,-1,F4,62,True,False,0
1,-1,F4,63,True,False,0
1,-1,F4,64,True,False,0
1,-1,F4,65,True,False,0
1,-1,F4,66,True,False,0
1,-1,F4,67,True,False,0
1,-1,F4,68,True,False,0
1,-1,F4,69,True,False,0
1,-1,F4,70,True,False,0
1,-1,F4,71,True,False,0
1,-1,F4,72,True,False,0
1,-1,F4,73,True,False,0
1,-1,F4,74,True,False,0
1,-1,F4,75,True,False,0
1,-1,F4,76,True,False,0
1,-1,F4,77,True,False,0
1,-1,F4,78,True,False,0
1,-1,F4,79,True,False,0
1,-1,F4,80,True,False,0
1,-1,F4,81,True,False,0
1,-1,F4,82,True,False,0
1,-1,F4,83,True,False,0
1,-1,F4,84,True,False,0
1,-1,F4,85,True,False,0
1,-1,F4,86,True,False,0
1,-1,F4,87,True,False,0
1,-1,F4,88,True,False,0
1,-1,F4,89,True,False,0
1,-1,F4,90,True,False,0
1,-1,F4,91,True,False,0
1,-1,F4,92,True,False,0
1,-1,F4,93,True,False,0
1,-1,F4,94,True,False,0
1,-1,F4,95,True,False,0
1,-1,F4,96,True,False,0
1,-1,F4,97,True,False,0
1,-1,F4,98,True,False,0
1,-1,F4,99,True,False,0
1,1,Fz,0,True,False,1
1,1,Fz,1,True,False,1
1,1,Fz,2,True,True,1
1,1,Fz,3,True,False,1
1,1,Fz,4,True,True,1
1,1,Fz,5,True,True,1
1,1,Fz,6,True,True,1
1,1,Fz,7,True,False,1
1,1,Fz,8,True,False,1
1,1,Fz,9,True,False,1
1,1,Fz,10,True,False,1
1,1,Fz,11,True,False,1
1,1,Fz,12,True,True,1
1,1,Fz,13,True,True,1
1,1,Fz,14,True,True,1
1,1,Fz,15,True,True,1
1,1,Fz,16,True,False,1
1,1,Fz,17,True,True,1
1,1,Fz,18,True,True,1
1,1,Fz,19,True,True,1
1,1,Fz,20,True,True,1
1,1,Fz,21,True,True,1
1,1,Fz,22,True,False,1
1,1,Fz,23,True,True,1
1,1,Fz,24,True,False,1
1,1,Fz,25,True,True,1
1,1,Fz,26,True,True,1
1,1,Fz,27,True,False,1
1,1,Fz,28,True,True,1
1,1,Fz,29,True,True,1
1,1,Fz,30,True,False,1
1,1,Fz,31,True,True,1
1,1,Fz,32,True,False,1
1,1,Fz,33,True,False,1
1,1,Fz,34,True,False,1
1,1,Fz,35,True,True,1
1,1,Fz,36,True,False,1
1,1,Fz,37,True,False,1
1,1,Fz,38,True,True,1
1,1,Fz,39,True,False,1
1,1,Fz,40,True,False,1
1,1,Fz,41,True,False,1
1,1,Fz,42,True,False,1
1,1,Fz,43,True,True,1
1,1,Fz,44,True,True,1
1,1,Fz,45,True,True,1
1,1,Fz,46,True,True,1
1,1,Fz,47,True,True,1
1,1,Fz,48,True,False,1
1,1,Fz,49,True,False,1
1,1,Fz,50,True,False,1
1,1,Fz,51,True,True,1
1,1,Fz,52,True,True,1
1,1,Fz,53,True,False,1
1,1,Fz,54,True,True,1
1,1,Fz,55,True,False,1
1,1,Fz,56,True,True,1
1,1,Fz,57,True,False,1
1,1,Fz,58,True,True,1
1,1,Fz,59,True,False,1
1,1,Fz,60,True,False,1
1,1,Fz,61,True,True,1
1,1,Fz,62,True,True,1
1,1,Fz,63,True,False,1
1,1,Fz,64,True,False,1
1,1,Fz,65,True,True,1
1,1,Fz,66,True,False,1
1,1,Fz,67,True,True,1
1,1,Fz,68,True,False,1
1,1,Fz,69,True,True,1
1,1,Fz,70,True,False,1
1,1,Fz,71,True,True,1
1,1,Fz,72,True,True,1
1,1,Fz,73,True,True,1
1,1,Fz,74,True,True,1
1,1,Fz,75,True,True,1
1,1,Fz,76,True,True,1
1,1,Fz,77,True,True,1
1,1,Fz,78,True,True,1
1,1,Fz,79,True,False,1
1,1,Fz,80,True,True,1
1,1,Fz,81,True,False,1
1,1,Fz,82,True,False,1
1,1,Fz,83,True,True,1
1,1,Fz,84,True,False,1
1,1,Fz,85,True,True,1
1,1,Fz,86,True,False,1
1,1,Fz,87,True,False,1
1,1,Fz,88,True,True,1
1,1,Fz,89,True,True,1
1,1,Fz,90,True,True,1
1,1,Fz,91,True,True,1
1,1,Fz,92,True,False,1
1,1,Fz,93,True,False,1
1,1,Fz,94,True,True,1
1,1,Fz,95,True,False,1
1,1,Fz,96,True,True,1
1,1,Fz,97,True,True,1
1,1,Fz,98,True,True,1
1,1,Fz,99,True,False,1
1,1,F3,0,True,True,2
1,1,F3,1,True,True,2
1,1,F3,2,True,True,2
1,1,F3,3,True,True,2
1,1,F3,4,True,True,2
1,1,F3,5,True,True,2
1,1,F3,6,True,True,2
1,1,F3,7,True,False,2
1,1,F3,8,True,True,2
1,1,F3,9,True,True,2
1,1,F3,10,True,False,2
1,1,F3,11,True,True,2
1,1,F3,12,True,True,2
1,1,F3,13,True,True,2
1,1,F3,14,True,True,2
1,1,F3,15,True,True,2
1,1,F3,16,True,True,2
1,1,F3,17,True,True,2
1,1,F3,18,True,True,2
1,1,F3,19,True,True,2
1,1,F3,20,True,True,2
1,1,F3,21,True,True,2
1,1,F3,22,True,True,2
1,1,F3,23,True,True,2
1,1,F3,24,True,True,2
1,1,F3,25,True,True,2
1,1,F3,26,True,True,2
1,1,F3,27,True,True,2
1,1,F3,28,True,True,2
1,1,F3,29,True,False,2
1,1,F3,30,True,True,2
1,1,F3,31,True,True,2
1,1,F3,32,True,True,2
1,1,F3,33,True,True,2
1,1,F3,34,True,False,2
1,1,F3,35,True,True,2
1,1,F3,36,True,True,2
1,1,F3,37,True,True,2
1,1,F3,38,True,True,2
1,1,F3,39,True,True,2
1,1,F3,40,True,True,2
1,1,F3,41,True,True,2
1,1,F3,42,True,True,2
1,1,F3,43,True,True,2
1,1,F3,44,True,True,2
1,1,F3,45,True,True,2
1,1,F3,46,True,True,2
1,1,F3,47,True,True,2
1,1,F3,48,True,True,2
1,1,F3,49,True,False,2
1,1,F3,50,True,True,2
1,1,F3,51,True,True,2
1,1,F3,52,True,True,2
1,1,F3,53,True,True,2
1,1,F3,54,True,True,2
1,1,F3,55,True,True,2
1,1,F3,56,True,True,2
1,1,F3,57,True,True,2
1,1,F3,58,True,True,2
1,1,F3,59,True,True,2
1,1,F3,60,True,True,2
1,1,F3,61,True,True,2
1,1,F3,62,True,True,2
1,1,F3,63,True,True,2
1,1,F3,64,True,True,2
1,1,F3,65,True,True,2
1,1,F3,66,True,False,2
1,1,F3,67,True,True,2
1,1,F3,68,True,True,2
1,1,F3,69,True,True,2
1,1,F3,70,True,False,2
1,1,F3,71,True,True,2
1,1,F3,72,True,True,2
1,1,F3,73,True,True,2
1,1,F3,74,True,True,2
1,1,F3,75,True,True,2
1,1,F3,76,True,True,2
1,1,F3,77,True,True,2
1,1,F3,78,True,True,2
1,1,F3,79,True,True,2
1,1,F3,80,True,True,2
1,1,F3,81,True,True,2
1,1,F3,82,True,True,2
1,1,F3,83,True,True,2
1,1,F3,84,True,True,2
1,1,F3,85,True,True,2
1,1,F3,86,True,True,2
1,1,F3,87,True,True,2
1,1,F3,88,True,True,2
1,1,F3,89,True,True,2
1,1,F3,90,True,True,2
1,1,F3,91,True,True,2
1,1,F3,92,True,True,2
1,1,F3,93,True,True,2
1,1,F3,94,True,True,2
1,1,F3,95,True,True,2
1,1,F3,96,True,True,2
1,1,F3,97,True,True,2
1,1,F3,98,True,True,2
1,1,F3,99,True,True,2
1,1,F4,0,True,False,0
1,1,F4,1,True,False,0
1,1,F4,2,True,False,0
1,1,F4,3,True,False,0
1,1,F4,4,True,False,0
1,1,F4,5,True,False,0
1,1,F4,6,True,False,0
1,1,F4,7,True,False,0
1,1,F4,8,True,False,0
1,1,F4,9,True,False,0
1,1,F4,10,True,False,0
1,1,F4,11,True,False,0
1,1,F4,12,True,False,0
1,1,F4,13,True,False,0
1,1,F4,14,True,False,0
1,1,F4,15,True,False,0
1,1,F4,16,True,False,0
1,1,F4,17,True,False,0
1,1,F4,18,True,False,0
1,1,F4,19,True,False,0
1,1,F4,20,True,False,0
1,1,F4,21,True,False,0
1,1,F4,22,True,False,0
1,1,F4,23,True,False,0
1,1,F4,24,True,False,0
1,1,F4,25,True,False,0
1,1,F4,26,True,False,0
1,1,F4,27,True,False,0
1,1,F4,28,True,False,0
1,1,F4,29,True,False,0
1,1,F4,30,True,False,0
1,1,F4,31,True,False,0
1,1,F4,32,True,False,0
1,1,F4,33,True,False,0
1,1,F4,34,True,False,0
1,1,F4,35,True,False,0
1,1,F4,36,True,False,0
1,1,F4,37,True,False,0
1,1,F4,38,True,False,0
1,1,F4,39,True,False,0
1,1,F4,40,True,False,0
1,1,F4,41,True,False,0
1,1,F4,42,True,False,0
1,1,F4,43,True,False,0
1,1,F4,44,True,False,0
1,1,F4,45,True,False,0
1,1,F4,46,True,False,0
1,1,F4,47,True,False,0
1,1,F4,48,True,False,0
1,1,F4,49,True,False,0
1,1,F4,50,True,False,0
1,1,F4,51,True,False,0
1,1,F4,52,True,False,0
1,1,F4,53,True,False,0
1,1,F4,54,True,False,0
1,1,F4,55,True,False,0
1,1,F4,56,True,False,0
1,1,F4,57,True,False,0
1,1,F4,58,True,False,0
1,1,F4,59,True,False,0
1,1,F4,60,True,False,0
1,1,F4,61,True,False,0
1,1,F4,62,True,False,0
1,1,F4,63,True,False,0
1,1,F4,64,True,False,0
1,1,F4,65,True,False,0
1,1,F4,66,True,False,0
1,1,F4,67,True,False,0
1,1,F4,68,True,False,0
1,1,F4,69,True,False,0
1,1,F4,70,True,False,0
1,1,F4,71,True,False,0
1,1,F4,72,True,False,0
1,1,F4,73,True,False,0
1,1,F4,74,True,False,0
1,1,F4,75,True,False,0
1,1,F4,76,True,False,0
1,1,F4,77,True,False,0
1,1,F4,78,True,False,0
1,1,F4,79,True,False,0
1,1,F4,80,True,False,0
1,1,F4,81,True,False,0
1,1,F4,82,True,False,0
1,1,F4,83,True,False,0
1,1,F4,84,True,False,0
1,1,F4,85,True,False,0
1,1,F4,86,True,False,0
1,1,F4,87,True,False,0
1,1,F4,88,True,False,0
1,1,F4,89,True,False,0
1,1,F4,90,True,False,0
1,1,F4,91,True,False,0
1,1,F4,92,True,False,0
1,1,F4,93,True,False,0
1,1,F4,94,True,False,0
1,1,F4,95,True,False,0
1,1,F4,96,True,False,0
1,1,F4,97,True,False,0
1,1,F4,98,True,False,0
1,1,F4,99,True,False,0
2,-1,Fz,0,True,True,2
2,-1,Fz,1,True,True,2
2,-1,Fz,2,True,True,2
2,-1,Fz,3,True,True,2
2,-1,Fz,4,True,True,2
2,-1,Fz,5,True,True,2
2,-1,Fz,6,True,True,2
2,-1,Fz,7,True,True,2
2,-1,Fz,8,True,True,2
2,-1,Fz,9,True,True,2
2,-1,Fz,10,True,True,2
2,-1,Fz,11,True,True,2
2,-1,Fz,12,True,True,2
2,-1,Fz,13,True,True,2
2,-1,Fz,14,True,True,2
2,-1,Fz,15,True,True,2
2,-1,Fz,16,True,True,2
2,-1,Fz,17,True,True,2
2,-1,Fz,18,True,True,2
2,-1,Fz,19,True,True,2
2,-1,Fz,20,True,True,2
2,-1,Fz,21,True,True,2
2,-1,Fz,22,True,True,2
2,-1,Fz,23,True,True,2
2,-1,Fz,24,True,True,2
2,-1,Fz,25,True,True,2
2,-1,Fz,26,True,True,2
2,-1,Fz,27,True,True,2
2,-1,Fz,28,True,True,2
2,-1,Fz,29,True,True,2
2,-1,Fz,30,True,True,2
2,-1,Fz,31,True,True,2
2,-1,Fz,32,True,True,2
2,-1,Fz,33,True,True,2
2,-1,Fz,34,True,True,2
2,-1,Fz,35,True,True,2
2,-1,Fz,36,True,True,2
2,-1,Fz,37,True,True,2
2,-1,Fz,38,True,True,2
2,-1,Fz,39,True,True,2
2,-1,Fz,40,True,True,2
2,-1,Fz,41,True,True,2
2,-1,Fz,42,True,True,2
2,-1,Fz,43,True,True,2
2,-1,Fz,44,True,True,2
2,-1,Fz,45,True,True,2
2,-1,Fz,46,True,True,2
2,-1,Fz,47,True,True,2
2,-1,Fz,48,True,True,2
2,-1,Fz,49,True,True,2
2,-1,Fz,50,True,True,2
2,-1,Fz,51,True,True,2
2,-1,Fz,52,True,True,2
2,-1,Fz,53,True,True,2
2,-1,Fz,54,True,True,2
2,-1,Fz,55,True,True,2
2,-1,Fz,56,True,True,2
2,-1,Fz,57,True,True,2
2,-1,Fz,58,True,True,2
2,-1,Fz,59,True,True,2
2,-1,Fz,60,True,True,2
2,-1,Fz,61,True,True,2
2,-1,Fz,62,True,True,2
2,-1,Fz,63,True,True,2
2,-1,Fz,64,True,True,2
2,-1,Fz,65,True,True,2
2,-1,Fz,66,True,True,2
2,-1,Fz,67,True,True,2
2,-1,Fz,68,True,True,2
2,-1,Fz,69,True,True,2
2,-1,Fz,70,True,True,2
2,-1,Fz,71,True,True,2
2,-1,Fz,72,True,True,2
2,-1,Fz,73,True,True,2
2,-1,Fz,74,True,True,2
2,-1,Fz,75,True,True,2
2,-1,Fz,76,True,True,2
2,-1,Fz,77,True,True,2
2,-1,Fz,78,True,True,2
2,-1,Fz,79,True,True,2
2,-1,Fz,80,True,True,2
2,-1,Fz,81,True,True,2
2,-1,Fz,82,True,True,2
2,-1,Fz,83,True,True,2
2,-1,Fz,84,True,True,2
2,-1,Fz,85,True,True,2
2,-1,Fz,86,True,True,2
2,-1,Fz,87,True,True,2
2,-1,Fz,88,True,True,2
2,-1,Fz,89,True,True,2
2,-1,Fz,90,True,True,2
2,-1,Fz,91,True,True,2
2,-1,Fz,92,True,True,2
2,-1,Fz,93,True,True,2
2,-1,Fz,94,True,True,2
2,-1,Fz,95,True,True,2
2,-1,Fz,96,True,True,2
2,-1,Fz,97,True,True,2
2,-1,Fz,98,True,True,2
2,-1,Fz,99,True,True,2
2,-1,F3,0,True,True,1
2,-1,F3,1,True,True,1
2,-1,F3,2,True,True,1
2,-1,F3,3,True,True,1
2,-1,F3,4,True,True,1
2,-1,F3,5,True,True,1
2,-1,F3,6,True,True,1
2,-1,F3,7,True,True,1
2,-1,F3,8,True,True,1
2,-1,F3,9,True,True,1
2,-1,F3,10,True,True,1
2,-1,F3,11,True,True,1
2,-1,F3,12,True,True,1
2,-1,F3,13,True,True,1
2,-1,F3,14,True,True,1
2,-1,F3,15,True,True,1
2,-1,F3,16,True,True,1
2,-1,F3,17,True,True,1
2,-1,F3,18,True,True,1
2,-1,F3,19,True,True,1
2,-1,F3,20,True,True,1
2,-1,F3,21,True,True,1
2,-1,F3,22,True,True,1
2,-1,F3,23,True,True,1
2,-1,F3,24,True,True,1
2,-1,F3,25,True,True,1
2,-1,F3,26,True,True,1
2,-1,F3,27,True,True,1
2,-1,F3,28,True,True,1
2,-1,F3,29,True,True,1
2,-1,F3,30,True,True,1
2,-1,F3,31,True,True,1
2,-1,F3,32,True,True,1
2,-1,F3,33,True,True,1
2,-1,F3,34,True,True,1
2,-1,F3,35,True,True,1
2,-1,F3,36,True,True,1
2,-1,F3,37,True,True,1
2,-1,F3,38,True,True,1
2,-1,F3,39,True,True,1
2,-1,F3,40,True,True,1
2,-1,F3,41,True,True,1
2,-1,F3,42,True,True,1
2,-1,F3,43,True,True,1
2,-1,F3,44,True,True,1
2,-1,F3,45,True,True,1
2,-1,F3,46,True,True,1
2,-1,F3,47,True,True,1
2,-1,F3,48,True,True,1
2,-1,F3,49,True,True,1
2,-1,F3,50,True,True,1
2,-1,F3,51,True,True,1
2,-1,F3,52,True,True,1
2,-1,F3,53,True,True,1
2,-1,F3,54,True,True,1
2,-1,F3,55,True,True,1
2,-1,F3,56,True,True,1
2,-1,F3,57,True,True,1
2,-1,F3,58,True,True,1
2,-1,F3,59,True,True,1
2,-1,F3,60,True,True,1
2,-1,F3,61,True,True,1
2,-1,F3,62,True,True,1
2,-1,F3,63,True,True,1
2,-1,F3,64,True,True,1
2,-1,F3,65,True,True,1
2,-1,F3,66,True,True,1
2,-1,F3,67,True,True,1
2,-1,F3,68,True,True,1
2,-1,F3,69,True,True,1
2,-1,F3,70,True,True,1
2,-1,F3,71,True,True,1
2,-1,F3,72,True,True,1
2,-1,F3,73,True,True,1
2,-1,F3,74,True,True,1
2,-1,F3,75,True,True,1
2,-1,F3,76,True,True,1
2,-1,F3,77,True,True,1
2,-1,F3,78,True,True,1
2,-1,F3,79,True,True,1
2,-1,F3,80,True,True,1
2,-1,F3,81,True,True,1
2,-1,F3,82,True,True,1
2,-1,F3,83,True,True,1
2,-1,F3,84,True,True,1
2,-1,F3,85,True,True,1
2,-1,F3,86,True,True,1
2,-1,F3,87,True,True,1
2,-1,F3,88,True,True,1
2,-1,F3,89,True,True,1
2,-1,F3,90,True,True,1
2,-1,F3,91,True,True,1
2,-1,F3,92,True,True,1
2,-1,F3,93,True,True,1
2,-1,F3,94,True,True,1
2,-1,F3,95,True,True,1
2,-1,F3,96,True,True,1
2,-1,F3,97,True,True,1
2,-1,F3,98,True,True,1
2,-1,F3,99,True,True,1
2,-1,F4,0,True,True,2
2,-1,F4,1,True,True,2
2,-1,F4,2,True,True,2
2,-1,F4,3,True,True,2
2,-1,F4,4,True,True,2
2,-1,F4,5,True,True,2
2,-1,F4,6,True,True,2
2,-1,F4,7,True,True,2
2,-1,F4,8,True,True,2
2,-1,F4,9,True,True,2
2,-1,F4,10,True,True,2
2,-1,F4,11,True,True,2
2,-1,F4,12,True,True,2
2,-1,F4,13,True,True,2
2,-1,F4,14,True,True,2
2,-1,F4,15,True,True,2
2,-1,F4,16,True,True,2
2,-1,F4,17,True,True,2
2,-1,F4,18,True,True,2
2,-1,F4,19,True,True,2
2,-1,F4,20,True,True,2
2,-1,F4,21,True,True,2
2,-1,F4,22,True,True,2
2,-1,F4,23,True,True,2
2,-1,F4,24,True,True,2
2,-1,F4,25,True,True,2
2,-1,F4,26,True,True,2
2,-1,F4,27,True,True,2
2,-1,F4,28,True,True,2
2,-1,F4,29,True,True,2
2,-1,F4,30,True,True,2
2,-1,F4,31,True,True,2
2,-1,F4,32,True,True,2
2,-1,F4,33,True,True,2
2,-1,F4,34,True,True,2
2,-1,F4,35,True,True,2
2,-1,F4,36,True,True,2
2,-1,F4,37,True,True,2
2,-1,F4,38,True,True,2
2,-1,F4,39,True,True,2
2,-1,F4,40,True,True,2
2,-1,F4,41,True,True,2
2,-1,F4,42,True,True,2
2,-1,F4,43,True,True,2
2,-1,F4,44,True,True,2
2,-1,F4,45,True,True,2
2,-1,F4,46,True,True,2
2,-1,F4,47,True,True,2
2,-1,F4,48,True,True,2
2,-1,F4,49,True,True,2
2,-1,F4,50,True,True,2
2,-1,F4,51,True,True,2
2,-1,F4,52,True,True,2
2,-1,F4,53,True,True,2
2,-1,F4,54,True,True,2
2,-1,F4,55,True,True,2
2,-1,F4,56,True,True,2
2,-1,F4,57,True,True,2
2,-1,F4,58,True,True,2
2,-1,F4,59,True,True,2
2,-1,F4,60,True,True,2
2,-1,F4,61,True,True,2
2,-1,F4,62,True,True,2
2,-1,F4,63,True,True,2
2,-1,F4,64,True,True,2
2,-1,F4,65,True,True,2
2,-1,F4,66,True,True,2
2,-1,F4,67,True,True,2
2,-1,F4,68,True,True,2
2,-1,F4,69,True,True,2
2,-1,F4,70,True,True,2
2,-1,F4,71,True,True,2
2,-1,F4,72,True,True,2
2,-1,F4,73,True,True,2
2,-1,F4,74,True,True,2
2,-1,F4,75,True,True,2
2,-1,F4,76,True,True,2
2,-1,F4,77,True,False,2
2,-1,F4,78,True,True,2
2,-1,F4,79,True,True,2
2,-1,F4,80,True,True,2
2,-1,F4,81,True,True,2
2,-1,F4,82,True,True,2
2,-1,F4,83,True,True,2
2,-1,F4,84,True,True,2
2,-1,F4,85,True,True,2
2,-1,F4,86,True,True,2
2,-1,F4,87,True,True,2
2,-1,F4,88,True,True,2
2,-1,F4,89,True,True,2
2,-1,F4,90,True,True,2
2,-1,F4,91,True,True,2
2,-1,F4,92,True,True,2
2,-1,F4,93,True,True,2
2,-1,F4,94,True,True,2
2,-1,F4,95,True,True,2
2,-1,F4,96,True,True,2
2,-1,F4,97,True,True,2
2,-1,F4,98,True,True,2
2,-1,F4,99,True,True,2
2,1,Fz,0,True,True,2
2,1,Fz,1,True,True,2
2,1,Fz,2,True,True,2
2,1,Fz,3,True,True,2
2,1,Fz,4,True,True,2
2,1,Fz,5,True,True,2
2,1,Fz,6,True,True,2
2,1,Fz,7,True,True,2
2,1,Fz,8,True,True,2
2,1,Fz,9,True,True,2
2,1,Fz,10,True,True,2
2,1,Fz,11,True,True,2
2,1,Fz,12,True,True,2
2,1,Fz,13,True,True,2
2,1,Fz,14,True,True,2
2,1,Fz,15,True,True,2
2,1,Fz,16,True,True,2
2,1,Fz,17,True,True,2
2,1,Fz,18,True,True,2
2,1,Fz,19,True,True,2
2,1,Fz,20,True,True,2
2,1,Fz,21,True,True,2
2,1,Fz,22,True,True,2
2,1,Fz,23,True,True,2
2,1,Fz,24,True,True,2
2,1,Fz,25,True,True,2
2,1,Fz,26,True,True,2
2,1,Fz,27,True,True,2
2,1,Fz,28,True,True,2
2,1,Fz,29,True,True,2
2,1,Fz,30,True,True,2
2,1,Fz,31,True,True,2
2,1,Fz,32,True,True,2
2,1,Fz,33,True,True,2
2,1,Fz,34,True,True,2
2,1,Fz,35,True,True,2
2,1,Fz,36,True,True,2
2,1,Fz,37,True,True,2
2,1,Fz,38,True,True,2
2,1,Fz,39,True,True,2
2,1,Fz,40,True,True,2
2,1,Fz,41,True,True,2
2,1,Fz,42,True,True,2
2,1,Fz,43,True,True,2
2,1,Fz,44,True,True,2
2,1,Fz,45,True,True,2
2,1,Fz,46,True,True,2
2,1,Fz,47,True,True,2
2,1,Fz,48,True,True,2
2,1,Fz,49,True,True,2
2,1,Fz,50,True,True,2
2,1,Fz,51,True,True,2
2,1,Fz,52,True,True,2
2,1,Fz,53,True,True,2
2,1,Fz,54,True,True,2
2,1,Fz,55,True,True,2
2,1,Fz,56,True,True,2
2,1,Fz,57,True,True,2
2,1,Fz,58,True,True,2
2,1,Fz,59,True,True,2
2,1,Fz,60,True,True,2
2,1,Fz,61,True,True,2
2,1,Fz,62,True,True,2
2,1,Fz,63,True,True,2
2,1,Fz,64,True,True,2
2,1,Fz,65,True,True,2
2,1,Fz,66,True,True,2
2,1,Fz,67,True,True,2
2,1,Fz,68,True,True,2
2,1,Fz,69,True,True,2
2,1,Fz,70,True,True,2
2,1,Fz,71,True,True,2
2,1,Fz,72,True,True,2
2,1,Fz,73,True,True,2
2,1,Fz,74,True,True,2
2,1,Fz,75,True,True,2
2,1,Fz,76,True,True,2
2,1,Fz,77,True,True,2
2,1,Fz,78,True,True,2
2,1,Fz,79,True,True,2
2,1,Fz,80,True,True,2
2,1,Fz,81,True,True,2
2,1,Fz,82,True,True,2
2,1,Fz,83,True,True,2
2,1,Fz,84,True,True,2
2,1,Fz,85,True,True,2
2,1,Fz,86,True,True,2
2,1,Fz,87,True,True,2
2,1,Fz,88,True,True,2
2,1,Fz,89,True,True,2
2,1,Fz,90,True,True,2
2,1,Fz,91,True,True,2
2,1,Fz,92,True,True,2
2,1,Fz,93,True,True,2
2,1,Fz,94,True,True,2
2,1,Fz,95,True,True,2
2,1,Fz,96,True,True,2
2,1,Fz,97,True,True,2
2,1,Fz,98,True,True,2
2,1,Fz,99,True,True,2
2,1,F3,0,True,True,2
2,1,F3,1,True,False,2
2,1,F3,2,True,True,2
2,1,F3,3,True,False,2
2,1,F3,4,True,False,2
2,1,F3,5,True,True,2
2,1,F3,6,True,True,2
2,1,F3,7,True,False,2
2,1,F3,8,True,True,2
2,1,F3,9,True,True,2
2,1,F3,10,True,True,2
2,1,F3,11,True,False,2
2,1,F3,12,True,False,2
2,1,F3,13,True,False,2
2,1,F3,14,True,True,2
2,1,F3,15,True,True,2
2,1,F3,16,True,True,2
2,1,F3,17,True,True,2
2,1,F3,18,True,True,2
2,1,F3,19,True,False,2
2,1,F3,20,True,True,2
2,1,F3,21,True,False,2
2,1,F3,22,True,False,2
2,1,F3,23,True,False,2
2,1,F3,24,True,False,2
2,1,F3,25,True,True,2
2,1,F3,26,True,True,2
2,1,F3,27,True,False,2
2,1,F3,28,True,True,2
2,1,F3,29,True,True,2
2,1,F3,30,True,True,2
2,1,F3,31,True,False,2
2,1,F3,32,True,False,2
2,1,F3,33,True,True,2
2,1,F3,34,True,True,2
2,1,F3,35,True,True,2
2,1,F3,36,True,True,2
2,1,F3,37,True,True,2
2,1,F3,38,True,False,2
2,1,F3,39,True,False,2
2,1,F3,40,True,False,2
2,1,F3,41,True,True,2
2,1,F3,42,True,False,2
2,1,F3,43,True,True,2
2,1,F3,44,True,True,2
2,1,F3,45,True,True,2
2,1,F3,46,True,True,2
2,1,F3,47,True,True,2
2,1,F3,48,True,True,2
2,1,F3,49,True,False,2
2,1,F3,50,True,False,2
2,1,F3,51,True,False,2
2,1,F3,52,True,True,2
2,1,F3,53,True,True,2
2,1,F3,54,True,True,2
2,1,F3,55,True,False,2
2,1,F3,56,True,True,2
2,1,F3,57,True,True,2
2,1,F3,58,True,False,2
2,1,F3,59,True,True,2
2,1,F3,60,True,True,2
2,1,F3,61,True,False,2
2,1,F3,62,True,False,2
2,1,F3,63,True,True,2
2,1,F3,64,True,False,2
2,1,F3,65,True,True,2
2,1,F3,66,True,False,2
2,1,F3,67,True,False,2
2,1,F3,68,True,True,2
2,1,F3,69,True,False,2
2,1,F3,70,True,True,2
2,1,F3,71,True,False,2
2,1,F3,72,True,False,2
2,1,F3,73,True,False,2
2,1,F3,74,True,True,2
2,1,F3,75,True,False,2
2,1,F3,76,True,False,2
2,1,F3,77,True,True,2
2,1,F3,78,True,True,2
2,1,F3,79,True,False,2
2,1,F3,80,True,True,2
2,1,F3,81,True,False,2
2,1,F3,82,True,False,2
2,1,F3,83,True,True,2
2,1,F3,84,True,False,2
2,1,F3,85,True,True,2
2,1,F3,86,True,True,2
2,1,F3,87,True,True,2
2,1,F3,88,True,False,2
2,1,F3,89,True,True,2
2,1,F3,90,True,False,2
2,1,F3,91,True,False,2
2,1,F3,92,True,False,2
2,1,F3,93,True,False,2
2,1,F3,94,True,True,2
2,1,F3,95,True,False,2
2,1,F3,96,True,False,2
2,1,F3,97,True,False,2
2,1,F3,98,True,False,2
2,1,F3,99,True,True,2
2,1,F4,0,True,True,2
2,1,F4,1,True,False,2
2,1,F4,2,True,False,2
2,1,F4,3,True,False,2
2,1,F4,4,True,False,2
2,1,F4,5,True,False,2
2,1,F4,6,True,False,2
2,1,F4,7,True,False,2
2,1,F4,8,True,True,2
2,1,F4,9,True,True,2
2,1,F4,10,True,True,2
2,1,F4,11,True,False,2
2,1,F4,12,True,False,2
2,1,F4,13,True,True,2
2,1,F4,14,True,True,2
2,1,F4,15,True,True,2
2,1,F4,16,True,False,2
2,1,F4,17,True,False,2
2,1,F4,18,True,True,2
2,1,F4,19,True,False,2
2,1,F4,20,True,False,2
2,1,F4,21,True,False,2
2,1,F4,22,True,False,2
2,1,F4,23,True,False,2
2,1,F4,24,True,False,2
2,1,F4,25,True,True,2
2,1,F4,26,True,True,2
2,1,F4,27,True,False,2
2,1,F4,28,True,False,2
2,1,F4,29,True,True,2
2,1,F4,30,True,True,2
2,1,F4,31,True,False,2
2,1,F4,32,True,True,2
2,1,F4,33,True,False,2
2,1,F4,34,True,True,2
2,1,F4,35,True,True,2
2,1,F4,36,True,True,2
2,1,F4,37,True,True,2
2,1,F4,38,True,False,2
2,1,F4,39,True,False,2
2,1,F4,40,True,False,2
2,1,F4,41,True,False,2
2,1,F4,42,True,False,2
2,1,F4,43,True,False,2
2,1,F4,44,True,True,2
2,1,F4,45,True,True,2
2,1,F4,46,True,False,2
2,1,F4,47,True,True,2
2,1,F4,48,True,True,2
2,1,F4,49,True,False,2
2,1,F4,50,True,False,2
2,1,F4,51,True,True,2
2,1,F4,52,True,True,2
2,1,F4,53,True,False,2
2,1,F4,54,True,False,2
2,1,F4,55,True,False,2
2,1,F4,56,True,True,2
2,1,F4,57,True,False,2
2,1,F4,58,True,False,2
2,1,F4,59,True,True,2
2,1,F4,60,True,True,2
2,1,F4,61,True,True,2
2,1,F4,62,True,False,2
2,1,F4,63,True,True,2
2,1,F4,64,True,False,2
2,1,F4,65,True,False,2
2,1,F4,66,True,False,2
2,1,F4,67,True,False,2
2,1,F4,68,True,True,2
2,1,F4,69,True,False,2
2,1,F4,70,True,True,2
2,1,F4,71,True,False,2
2,1,F4,72,True,False,2
2,1,F4,73,True,True,2
2,1,F4,74,True,False,2
2,1,F4,75,True,False,2
2,1,F4,76,True,False,2
2,1,F4,77,True,True,2
2,1,F4,78,True,False,2
2,1,F4,79,True,False,2
2,1,F4,80,True,True,2
2,1,F4,81,True,True,2
2,1,F4,82,True,False,2
2,1,F4,83,True,True,2
2,1,F4,84,True,False,2
2,1,F4,85,True,False,2
2,1,F4,86,True,True,2
2,1,F4,87,True,False,2
2,1,F4,88,True,False,2
2,1,F4,89,True,False,2
2,1,F4,90,True,False,2
2,1,F4,91,True,False,2
2,1,F4,92,True,False,2
2,1,F4,93,True,False,2
2,1,F4,94,True,False,2
2,1,F4,95,True,False,2
2,1,F4,96,True,False,2
2,1,F4,97,True,False,2
2,1,F4,98,True,False,2
2,1,F4,99,True,True,2
