trial_key,task,channel,effective_pre_s,effective_post_s,rmse_native,training_scaled_rmse
A_Task-1_trial-001,1,Fz,2,3,1.8840394438721533,0.019416493639093712
A_Task-1_trial-001,1,F3,2,3,14.697326821360395,0.12515073057802126
A_Task-1_trial-001,1,F4,2,3,15.394287984703304,0.10451851111238845
A_Task-1_trial-002,1,Fz,2,3,1.8265966901681694,0.018824501329414066
A_Task-1_trial-002,1,F3,2,3,8.126712671948475,0.069200613176394934
A_Task-1_trial-002,1,F4,2,3,2.4350204852343067,0.016532412275107929
A_Task-1_trial-003,1,Fz,2,3,6.9905724549314208,0.072043292960914329
A_Task-1_trial-003,1,F3,2,3,4.5981438514841768,0.039154131177088172
A_Task-1_trial-003,1,F4,2,3,29.337724430053449,0.1991865606192133
A_Task-1_trial-004,1,Fz,2,3,0.62863234031585791,0.0064785458058062339
A_Task-1_trial-004,1,F3,2,3,15.525577459022898,0.13220345340749018
A_Task-1_trial-004,1,F4,2,3,62.680399132245007,0.4255644690902381
A_Task-1_trial-005,1,Fz,2,3,3.4504027943303091,0.035559087749636162
A_Task-1_trial-005,1,F3,2,3,0.74555701999071167,0.006348569836781612
A_Task-1_trial-005,1,F4,2,3,1.4540514898354571,0.0098721874600088064
A_Task-1_trial-006,1,Fz,2,3,5.3155692089496789,0.054781080125166109
A_Task-1_trial-006,1,F3,2,3,34.864549880773978,0.29687874141243703
A_Task-1_trial-006,1,F4,2,3,38.647424880571783,0.26239416274783239
A_Task-1_trial-007,1,Fz,2,3,2.0638517403106693,0.02126959938026321
A_Task-1_trial-007,1,F3,2,3,1.674055459923727,0.014254923115208205
A_Task-1_trial-007,1,F4,2,3,11.059872532035319,0.075090280972381865
A_Task-1_trial-008,1,Fz,2,3,0.48651787515473421,0.0050139455726216217
A_Task-1_trial-008,1,F3,2,3,18.510896022082669,0.15762404884747624
A_Task-1_trial-008,1,F4,2,3,26.989948496542684,0.18324648952012296
A_Task-1_trial-009,1,Fz,2,3,2.0735664181332436,0.021369716700397542
A_Task-1_trial-009,1,F3,2,3,19.561843618757784,0.16657308162886281
A_Task-1_trial-009,1,F4,2,3,5.5013870738763426,0.037351307613956962
A_Task-1_trial-010,1,Fz,2,3,1.6246525151938986,0.016743309345035404
A_Task-1_trial-010,1,F3,2,3,1.9584064625066469,0.016676229802225953
A_Task-1_trial-010,1,F4,2,3,3.4529932098354972,0.023443871488685094
A_Task-1_trial-011,1,Fz,2,3,3.0854537104451776,0.031798003241084026
A_Task-1_trial-011,1,F3,2,3,11.185678136000599,0.095248326974435388
A_Task-1_trial-011,1,F4,2,3,3.4574508014645255,0.02347413601541579
A_Task-1_trial-012,1,Fz,2,3,0.65265603261107863,0.0067261286630308252
A_Task-1_trial-012,1,F3,2,3,0.86727994178648848,0.0073850653012964831
A_Task-1_trial-012,1,F4,2,3,2.3671734301820275,0.016071769133673211
A_Task-1_trial-013,1,Fz,2,3,1.2733770200641941,0.013123141816728481
A_Task-1_trial-013,1,F3,2,3,3.0599307872917834,0.026055933721986873
A_Task-1_trial-013,1,F4,2,3,0.73411238963915348,0.0049842080407020983
A_Task-1_trial-014,1,Fz,2,3,1.0077042293938703,0.010385176819812708
A_Task-1_trial-014,1,F3,2,3,2.9375713800589862,0.025014018454373552
A_Task-1_trial-014,1,F4,2,3,6.0562909552808666,0.041118791212582391
A_Task-1_trial-015,1,Fz,2,3,2.0097057544167023,0.020711582830178706
A_Task-1_trial-015,1,F3,2,3,27.57540042660202,0.23481014958142488
A_Task-1_trial-015,1,F4,2,3,49.489580467716422,0.33600626876684697
A_Task-1_trial-016,1,Fz,2,3,8.9313364187739417,0.092044376951748053
A_Task-1_trial-016,1,F3,2,3,27.957214605181814,0.23806137505767003
A_Task-1_trial-016,1,F4,2,3,23.965609539487769,0.16271293803630837
A_Task-1_trial-017,1,Fz,2,3,4.64038892130303,0.047822821473537683
A_Task-1_trial-017,1,F3,2,3,11.482882456058581,0.097779082276967175
A_Task-1_trial-017,1,F4,2,3,18.750519526925373,0.12730542558937177
A_Task-1_trial-018,1,Fz,2,3,1.9764166804279466,0.020368512999312756
A_Task-1_trial-018,1,F3,2,3,2.3681028973759788,0.020164878368207944
A_Task-1_trial-018,1,F4,2,3,3.5625401312601799,0.024187633144672739
A_Task-1_trial-019,1,Fz,2,3,1.9516282112983512,0.020113048521250419
A_Task-1_trial-019,1,F3,2,3,4.0296773066141451,0.034313522795416294
A_Task-1_trial-019,1,F4,2,3,0.68714808426941754,0.0046653469619987583
A_Task-1_trial-020,1,Fz,2,3,5.3132278125158736,0.054756950211585241
A_Task-1_trial-020,1,F3,2,3,7.6326447144557257,0.064993523915404749
A_Task-1_trial-020,1,F4,2,3,7.5255242281861658,0.051094054395487115
A_Task-1_trial-021,1,Fz,2,3,1.3679895266761208,0.014098197375562019
A_Task-1_trial-021,1,F3,2,3,1.0122518475982043,0.0086195305987038767
A_Task-1_trial-021,1,F4,2,3,6.7855866642737732,0.046070296715164522
A_Task-1_trial-022,1,Fz,2,3,0.9184656212350597,0.009465503469388575
A_Task-1_trial-022,1,F3,2,3,9.1975713702611905,0.078319193042557314
A_Task-1_trial-022,1,F4,2,3,14.896101707290549,0.10113610797535841
A_Task-1_trial-023,1,Fz,2,3,2.1022129607344491,0.021664941630006859
A_Task-1_trial-023,1,F3,2,3,14.395678425008674,0.12258213306093808
A_Task-1_trial-023,1,F4,2,3,22.320477850166405,0.15154342406316884
A_Task-1_trial-024,1,Fz,2,3,2.588046970870443,0.026671839441059816
A_Task-1_trial-024,1,F3,2,3,2.5395378562661608,0.02162468195102937
A_Task-1_trial-024,1,F4,2,3,1.8018427907832082,0.012233493743808339
A_Task-1_trial-025,1,Fz,2,3,2.9606072713292968,0.030511363463535137
A_Task-1_trial-025,1,F3,2,3,9.3208023500523272,0.079368529927975953
A_Task-1_trial-025,1,F4,2,3,21.555432000661433,0.14634919532050619
A_Task-1_trial-026,1,Fz,2,3,1.2490121016287812,0.012872042358404013
A_Task-1_trial-026,1,F3,2,3,15.025368401376076,0.12794407142822703
A_Task-1_trial-026,1,F4,2,3,5.1054315260778314,0.034662993327273947
A_Task-1_trial-027,1,Fz,2,3,1.9336419079800509,0.019927685658967218
A_Task-1_trial-027,1,F3,2,3,20.691676313980924,0.17619383708710082
A_Task-1_trial-027,1,F4,2,3,29.337630900335792,0.19918592560531437
A_Task-1_trial-028,1,Fz,2,3,4.7633646128691298,0.049090181740766972
A_Task-1_trial-028,1,F3,2,3,4.6051131789773674,0.039213476419798748
A_Task-1_trial-028,1,F4,2,3,4.976210920444232,0.033785658479485906
A_Task-1_trial-029,1,Fz,2,3,4.5300771178560373,0.046685972435205746
A_Task-1_trial-029,1,F3,2,3,16.858650067108961,0.14355483810780514
A_Task-1_trial-029,1,F4,2,3,23.528604063444735,0.15974591794746995
A_Task-1_trial-030,1,Fz,2,3,2.6377424797700497,0.02718399035996925
A_Task-1_trial-030,1,F3,2,3,3.6586760393513433,0.031154371460778311
A_Task-1_trial-030,1,F4,2,3,1.5835743065661019,0.010751574150268301
A_Task-1_trial-031,1,Fz,2,3,0.27300814272390694,0.0028135615121331991
A_Task-1_trial-031,1,F3,2,3,5.8718999450843343,0.050000423678428281
A_Task-1_trial-031,1,F4,2,3,4.8208433308058254,0.032730800394444065
A_Task-1_trial-032,1,Fz,2,3,1.1743488021779103,0.012102578914537835
A_Task-1_trial-032,1,F3,2,3,3.2054429109733262,0.027294999084555908
A_Task-1_trial-032,1,F4,2,3,2.3095227542449561,0.015680353641150734
A_Task-1_trial-033,1,Fz,2,3,2.0049522601525074,0.020662594370067424
A_Task-1_trial-033,1,F3,2,3,2.2913890267138206,0.019511644138913705
A_Task-1_trial-033,1,F4,2,3,2.6540997238017656,0.018019836432266689
A_Task-1_trial-034,1,Fz,2,3,1.5630559314942003,0.016108508582511533
A_Task-1_trial-034,1,F3,2,3,2.0549942822878959,0.017498694755035835
A_Task-1_trial-034,1,F4,2,3,3.1222542039065599,0.021198340646282173
A_Task-1_trial-035,1,Fz,2,3,0.46022459111717939,0.004742972805078698
A_Task-1_trial-035,1,F3,2,3,0.27088516834263771,0.0023066423665261764
A_Task-1_trial-035,1,F4,2,3,1.3744963394816905,0.0093320529715180001
A_Task-1_trial-036,1,Fz,2,3,3.0741432014563963,0.031681439638050202
A_Task-1_trial-036,1,F3,2,3,24.42224711352052,0.20796040707021277
A_Task-1_trial-036,1,F4,2,3,26.389867306232322,0.17917227753837289
A_Task-1_trial-037,1,Fz,2,3,3.4129047501877392,0.035172641203657123
A_Task-1_trial-037,1,F3,2,3,3.4145915333679686,0.029075942191436714
A_Task-1_trial-037,1,F4,2,3,7.6832579285210612,0.05216497703430175
A_Task-1_trial-038,1,Fz,2,3,1.8378175184156407,0.018940140702571041
A_Task-1_trial-038,1,F3,2,3,2.7744409493536213,0.023624929620027688
A_Task-1_trial-038,1,F4,2,3,1.617181854490962,0.010979750398155503
A_Task-1_trial-039,1,Fz,2,3,2.5954755610085667,0.026748396847346319
A_Task-1_trial-039,1,F3,2,3,17.763086644589684,0.151256299727934
A_Task-1_trial-039,1,F4,2,3,19.952917113751571,0.13546902533916722
A_Task-1_trial-040,1,Fz,2,3,8.9713632462325261,0.092456884579054099
A_Task-1_trial-040,1,F3,2,3,19.810054499031175,0.1686866478155031
A_Task-1_trial-040,1,F4,2,3,10.180664026364754,0.069120952344689152
A_Task-1_trial-041,1,Fz,2,3,1.3052934553515458,0.013452065536852817
A_Task-1_trial-041,1,F3,2,3,10.610586911976325,0.090351308100836955
A_Task-1_trial-041,1,F4,2,3,26.784463627916445,0.18185136344827862
A_Task-1_trial-042,1,Fz,2,3,7.2092723765723354,0.074297165963001677
A_Task-1_trial-042,1,F3,2,3,12.666460383121008,0.10785748932801022
A_Task-1_trial-042,1,F4,2,3,17.567878697074402,0.1192759630484886
A_Task-1_trial-043,1,Fz,2,3,5.1971545098266043,0.053560724436872785
A_Task-1_trial-043,1,F3,2,3,8.4449785473063859,0.071910711910894556
A_Task-1_trial-043,1,F4,2,3,2.4022890863357924,0.016310184583713711
A_Task-1_trial-044,1,Fz,2,3,3.867977180899199,0.039862516983580315
A_Task-1_trial-044,1,F3,2,3,1.8534231987444392,0.015782275934423939
A_Task-1_trial-044,1,F4,2,3,7.1919635834282332,0.048829366220858338
A_Task-1_trial-045,1,Fz,2,3,2.5554307213371317,0.026335703590160082
A_Task-1_trial-045,1,F3,2,3,15.127492073486126,0.12881367529083612
A_Task-1_trial-045,1,F4,2,3,5.61625206730751,0.038131175971901764
A_Task-1_trial-046,1,Fz,2,3,1.6941503842430405,0.017459539006103371
A_Task-1_trial-046,1,F3,2,3,8.0984148415826436,0.068959651388778589
A_Task-1_trial-046,1,F4,2,3,17.458722390570713,0.11853485344695135
A_Task-1_trial-047,1,Fz,2,3,0.40458025850304952,0.0041695146252258659
A_Task-1_trial-047,1,F3,2,3,1.5087799127882751,0.012847568177667976
A_Task-1_trial-047,1,F4,2,3,2.6372155459892079,0.01790520241164301
A_Task-1_trial-048,1,Fz,2,3,1.4341928107958717,0.014780473773319583
A_Task-1_trial-048,1,F3,2,3,1.947381390107281,0.01658234906580177
A_Task-1_trial-048,1,F4,2,3,2.4324362344054453,0.016514866673178048
A_Task-1_trial-049,1,Fz,2,3,2.1507267908349248,0.022164914428675016
A_Task-1_trial-049,1,F3,2,3,2.4052029330144675,0.020480792726040652
A_Task-1_trial-049,1,F4,2,3,1.7879106783216587,0.012138902577748667
A_Task-1_trial-050,1,Fz,2,3,1.2746283942038727,0.013136038201728395
A_Task-1_trial-050,1,F3,2,3,8.8943981493430986,0.075737611333804175
A_Task-1_trial-050,1,F4,2,3,14.894248615026976,0.10112352652667204
A_Task-1_trial-051,1,Fz,2,3,7.2363868975090195,0.07457660221631715
A_Task-1_trial-051,1,F3,2,3,4.6578369029041928,0.039662429664728042
A_Task-1_trial-051,1,F4,2,3,4.1276001222379106,0.028024070984789599
A_Task-1_trial-052,1,Fz,2,3,2.5970903824167717,0.026765038839477992
A_Task-1_trial-052,1,F3,2,3,17.418323174375182,0.14832056857774617
A_Task-1_trial-052,1,F4,2,3,22.1882086389938,0.15064539090752646
A_Task-1_trial-053,1,Fz,2,3,2.7571588601557537,0.028414669153719575
A_Task-1_trial-053,1,F3,2,3,26.507758859697876,0.22571896424428411
A_Task-1_trial-053,1,F4,2,3,20.048112364219733,0.13611534726414287
A_Task-1_trial-054,1,Fz,2,3,5.463356789687098,0.056304146232225738
A_Task-1_trial-054,1,F3,2,3,8.3458795447126235,0.071066863725104901
A_Task-1_trial-054,1,F4,2,3,14.25739962924472,0.096799682003071041
A_Task-1_trial-055,1,Fz,2,3,2.4590642755603001,0.025342572322376026
A_Task-1_trial-055,1,F3,2,3,7.7498202010647539,0.065991297043348149
A_Task-1_trial-055,1,F4,2,3,1.5125431862022554,0.010269313005715784
A_Task-1_trial-056,1,Fz,2,3,3.4208518402063159,0.035254542154986392
A_Task-1_trial-056,1,F3,2,3,3.7109356760531345,0.031599372908488223
A_Task-1_trial-056,1,F4,2,3,1.9292484233930038,0.013098505950994514
A_Task-1_trial-057,1,Fz,2,3,4.6397805822957912,0.047816552066332389
A_Task-1_trial-057,1,F3,2,3,6.6216263710398939,0.056384496855981951
A_Task-1_trial-057,1,F4,2,3,4.6710587055027117,0.031713847480495432
A_Task-1_trial-058,1,Fz,2,3,4.7667529986398653,0.049125101694793553
A_Task-1_trial-058,1,F3,2,3,4.5221937324555181,0.038507400448469557
A_Task-1_trial-058,1,F4,2,3,4.5119148071078827,0.03063335039421403
A_Task-1_trial-059,1,Fz,2,3,2.2450239660022207,0.023136720251411575
A_Task-1_trial-059,1,F3,2,3,1.1478727145976586,0.0097743698965507848
A_Task-1_trial-059,1,F4,2,3,4.8111300603561151,0.032664852780209197
A_Task-1_trial-060,1,Fz,2,3,3.7836805923093739,0.038993774993344839
A_Task-1_trial-060,1,F3,2,3,6.5549371499974196,0.055816624559435153
A_Task-1_trial-060,1,F4,2,3,2.4690733200861104,0.016763611769453051
A_Task-1_trial-061,1,Fz,2,3,2.0926148660938462,0.021566025790350305
A_Task-1_trial-061,1,F3,2,3,13.411953915626382,0.11420551855592677
A_Task-1_trial-061,1,F4,2,3,2.0977953392629369,0.014242844209237767
A_Task-1_trial-062,1,Fz,2,3,3.5622033101011703,0.036711279127779953
A_Task-1_trial-062,1,F3,2,3,0.30371618802395772,0.0025862051842194607
A_Task-1_trial-062,1,F4,2,3,0.58013298480350883,0.0039387749455576547
A_Task-1_trial-063,1,Fz,2,3,0.91039022200970021,0.0093822801917643663
A_Task-1_trial-063,1,F3,2,3,4.3295222091077319,0.03686676319506705
A_Task-1_trial-063,1,F4,2,3,3.8999850058308234,0.026478693043492093
A_Task-1_trial-064,1,Fz,2,3,6.1658469228260717,0.063543854108821851
A_Task-1_trial-064,1,F3,2,3,7.2150619033210077,0.061437721249685946
A_Task-1_trial-064,1,F4,2,3,10.04391324645905,0.068192491871336677
A_Task-1_trial-065,1,Fz,2,3,1.7675444734576564,0.018215922250104797
A_Task-1_trial-065,1,F3,2,3,5.0657408183024843,0.043135814562418329
A_Task-1_trial-065,1,F4,2,3,4.5208014030808865,0.030693685356173856
A_Task-1_trial-066,1,Fz,2,3,3.4969940976538467,0.036039247412726495
A_Task-1_trial-066,1,F3,2,3,6.9369898301998614,0.059069880925561265
A_Task-1_trial-066,1,F4,2,3,2.3408314714489658,0.015892922128257998
A_Task-1_trial-067,1,Fz,2,3,2.5018070955807272,0.025783070368073983
A_Task-1_trial-067,1,F3,2,3,3.023259267037897,0.025743668259909071
A_Task-1_trial-067,1,F4,2,3,6.2396245843161662,0.042363522892452272
A_Task-1_trial-068,1,Fz,2,3,4.3103742793366111,0.044421763593677513
A_Task-1_trial-068,1,F3,2,3,7.5900512498617028,0.064630831891434537
A_Task-1_trial-068,1,F4,2,3,0.80275444003550367,0.0054502487510134125
A_Task-1_trial-069,1,Fz,2,3,3.9861020529788318,0.041079885778492115
A_Task-1_trial-069,1,F3,2,3,7.3701794816413688,0.06275857901438317
A_Task-1_trial-069,1,F4,2,3,3.4737328661360474,0.023584682028261209
A_Task-1_trial-070,1,Fz,2,3,2.6582838699282676,0.027395685381876787
A_Task-1_trial-070,1,F3,2,3,1.2157364041772076,0.010352243031838012
A_Task-1_trial-070,1,F4,2,3,6.7884040500935603,0.046089425171862611
A_Task-1_trial-071,1,Fz,2,3,2.6205098278168948,0.027006394461899584
A_Task-1_trial-071,1,F3,2,3,2.7782408275490971,0.023657286356599683
A_Task-1_trial-071,1,F4,2,3,2.7592747237527453,0.018733915213438316
A_Task-1_trial-072,1,Fz,2,3,3.9038816215362195,0.0402325402044377
A_Task-1_trial-072,1,F3,2,3,1.0916881182970242,0.0092959466186499154
A_Task-1_trial-072,1,F4,2,3,6.49422642639722,0.044092125442126873
A_Task-1_trial-073,1,Fz,2,3,2.0048118173107872,0.020661146997215555
A_Task-1_trial-073,1,F3,2,3,20.219329840995773,0.17217171068965764
A_Task-1_trial-073,1,F4,2,3,27.352209055372086,0.1857060338836696
A_Task-1_trial-074,1,Fz,2,3,1.0013857058676143,0.01032005951441072
A_Task-1_trial-074,1,F3,2,3,1.5766774370119578,0.01342572942183947
A_Task-1_trial-074,1,F4,2,3,2.2938610923203018,0.015574019812165786
A_Task-1_trial-075,1,Fz,2,3,2.8763783683938526,0.029643319026677335
A_Task-1_trial-075,1,F3,2,3,37.87524475683059,0.32251542132475824
A_Task-1_trial-075,1,F4,2,3,39.395664461784648,0.26747428643146332
A_Task-1_trial-076,1,Fz,2,3,0.37165060327271637,0.0038301488845579124
A_Task-1_trial-076,1,F3,2,3,7.3064903567010075,0.062216253147030422
A_Task-1_trial-076,1,F4,2,3,10.284725972164345,0.06982747411752066
A_Task-1_trial-077,1,Fz,2,3,3.1232716353309282,0.032187746407224306
A_Task-1_trial-077,1,F3,2,3,23.046132590924785,0.19624251170358173
A_Task-1_trial-077,1,F4,2,3,29.193595768540515,0.1982080085013809
A_Task-1_trial-078,1,Fz,2,3,5.7734709420036232,0.059500114069009173
A_Task-1_trial-078,1,F3,2,3,37.662260753034282,0.32070181916427554
A_Task-1_trial-078,1,F4,2,3,21.972919542059934,0.14918369966902181
A_Task-1_trial-079,1,Fz,2,3,1.8392447602971675,0.018954849541605302
A_Task-1_trial-079,1,F3,2,3,1.2517246414500158,0.010658690200200717
A_Task-1_trial-079,1,F4,2,3,2.2965271592885692,0.015592120899421405
A_Task-1_trial-080,1,Fz,2,3,4.3610036339015581,0.044943538519387836
A_Task-1_trial-080,1,F3,2,3,3.5778018771276443,0.03046571150171206
A_Task-1_trial-080,1,F4,2,3,0.50759002448660084,0.0034462492625548218
A_Task-1_trial-081,1,Fz,2,3,5.817647494732241,0.059955387846764803
A_Task-1_trial-081,1,F3,2,3,12.714748707269388,0.10826867424068258
A_Task-1_trial-081,1,F4,2,3,9.2347666727621522,0.062698844147029781
A_Task-1_trial-082,1,Fz,2,3,1.4451286062834729,0.014893175661920725
A_Task-1_trial-082,1,F3,2,3,1.8941998491539644,0.016129497415670439
A_Task-1_trial-082,1,F4,2,3,0.68105432708768998,0.0046239737962929161
A_Task-1_trial-083,1,Fz,2,3,3.4062729634084921,0.035104295476483582
A_Task-1_trial-083,1,F3,2,3,7.4720272443536402,0.063625833452289032
A_Task-1_trial-083,1,F4,2,3,6.0739289638773615,0.0412385433179948
A_Task-1_trial-084,1,Fz,2,3,3.6044041350458809,0.037146191492151391
A_Task-1_trial-084,1,F3,2,3,14.312745085597463,0.12187593878882708
A_Task-1_trial-084,1,F4,2,3,15.3236188190767,0.10403870743584383
A_Task-1_trial-085,1,Fz,2,3,3.0032330301017263,0.030950655101912632
A_Task-1_trial-085,1,F3,2,3,1.4229435705245861,0.012116654245153857
A_Task-1_trial-085,1,F4,2,3,1.4347106765616831,0.0097408742736447319
A_Task-1_trial-086,1,Fz,2,3,2.2282620240507498,0.022963975386468251
A_Task-1_trial-086,1,F3,2,3,8.3465133801925457,0.071072260963279066
A_Task-1_trial-086,1,F4,2,3,28.361644620025199,0.19255953060831657
A_Task-1_trial-087,1,Fz,2,3,4.6502074730049792,0.047924009294889339
A_Task-1_trial-087,1,F3,2,3,6.2591973829920446,0.053298340224361043
A_Task-1_trial-087,1,F4,2,3,4.5258010168967244,0.0307276299070805
A_Task-1_trial-088,1,Fz,2,3,1.8790937565056827,0.019365524479395727
A_Task-1_trial-088,1,F3,2,3,13.117753435001825,0.11170034155781737
A_Task-1_trial-088,1,F4,2,3,19.475714769939952,0.13222909124646395
A_Task-1_trial-089,1,Fz,2,3,8.0972231735830622,0.083448190405755795
A_Task-1_trial-089,1,F3,2,3,3.4070819828986165,0.029011996840083022
A_Task-1_trial-089,1,F4,2,3,4.3468958553896879,0.029512965017764594
A_Task-1_trial-090,1,Fz,2,3,1.1935032347979986,0.012299980258940703
A_Task-1_trial-090,1,F3,2,3,2.2660747707353459,0.019296088094726077
A_Task-1_trial-090,1,F4,2,3,4.0586687970702764,0.027556066262344237
A_Task-1_trial-091,1,Fz,2,3,2.2511079861223404,0.023199420816597004
A_Task-1_trial-091,1,F3,2,3,24.119749391044842,0.20538457736824289
A_Task-1_trial-091,1,F4,2,3,25.652830431480449,0.17416821389733025
A_Task-1_trial-092,1,Fz,2,3,3.9155509757037308,0.040352801986484117
A_Task-1_trial-092,1,F3,2,3,12.885206636175159,0.10972015821424227
A_Task-1_trial-092,1,F4,2,3,12.781141756015192,0.086776725755844178
A_Task-1_trial-093,1,Fz,2,3,7.8046006943743178,0.080432487881749642
A_Task-1_trial-093,1,F3,2,3,7.9747662729937545,0.067906758649716958
A_Task-1_trial-093,1,F4,2,3,7.687725544760645,0.05219530962246996
A_Task-1_trial-094,1,Fz,2,3,2.7133135022834942,0.027962808596872189
A_Task-1_trial-094,1,F3,2,3,6.5092461160202051,0.055427556101434822
A_Task-1_trial-094,1,F4,2,3,4.5812843402576693,0.031104330301084785
A_Task-1_trial-095,1,Fz,2,3,8.6097251199207285,0.088729922066658168
A_Task-1_trial-095,1,F3,2,3,9.4374919315131311,0.080362165474641395
A_Task-1_trial-095,1,F4,2,3,2.0221498236032636,0.013729253929717586
A_Task-1_trial-096,1,Fz,2,3,3.8486056996252178,0.039662878783775404
A_Task-1_trial-096,1,F3,2,3,2.6513677499187005,0.022576936266469727
A_Task-1_trial-096,1,F4,2,3,2.396067913400084,0.016267946337082295
A_Task-1_trial-097,1,Fz,2,3,8.5136258925643933,0.087739544692790022
A_Task-1_trial-097,1,F3,2,3,29.050388648968056,0.24736997463442725
A_Task-1_trial-097,1,F4,2,3,32.58624763766943,0.22124219640512566
A_Task-1_trial-098,1,Fz,2,3,4.7578636427149839,0.049033489959523099
A_Task-1_trial-098,1,F3,2,3,4.6404949732948602,0.039514759602912015
A_Task-1_trial-098,1,F4,2,3,10.008457150119261,0.067951765024926197
A_Task-1_trial-099,1,Fz,2,3,5.0465259072150648,0.052008379386993354
A_Task-1_trial-099,1,F3,2,3,7.8934363395654339,0.06721421770603847
A_Task-1_trial-099,1,F4,2,3,5.7262460108213578,0.038877972655117707
A_Task-1_trial-100,1,Fz,2,3,1.3647051162872206,0.014064348968814658
A_Task-1_trial-100,1,F3,2,3,5.0565339090819279,0.043057415855679119
A_Task-1_trial-100,1,F4,2,3,2.8994601506903046,0.019685694998104374
A_Task-2_trial-001,2,Fz,2,3,4.5004596028630903,0.046380740878968041
A_Task-2_trial-001,2,F3,2,3,14.330292520406054,0.1220253587692601
A_Task-2_trial-001,2,F4,2,3,10.116830063163082,0.068687555827820601
A_Task-2_trial-002,2,Fz,2,3,0.38279322928734411,0.0039449823228065121
A_Task-2_trial-002,2,F3,2,3,7.3484154019984818,0.062573253444585877
A_Task-2_trial-002,2,F4,2,3,0.64341561779746959,0.0043684282420513127
A_Task-2_trial-003,2,Fz,2,3,7.5649693867848216,0.077962900647431152
A_Task-2_trial-003,2,F3,2,3,13.01118051385307,0.11079285143368021
A_Task-2_trial-003,2,F4,2,3,13.633781893220645,0.092565670184058618
A_Task-2_trial-004,2,Fz,2,3,2.2554947657529762,0.023244629996835443
A_Task-2_trial-004,2,F3,2,3,2.9494636627106039,0.025115283662678452
A_Task-2_trial-004,2,F4,2,3,3.2221357275862905,0.021876479716631873
A_Task-2_trial-005,2,Fz,2,3,2.7411342852605167,0.028249523430505269
A_Task-2_trial-005,2,F3,2,3,1.7836843414356325,0.01518843536409731
A_Task-2_trial-005,2,F4,2,3,3.3463886860641838,0.022720087049060839
A_Task-2_trial-006,2,Fz,2,3,20.401280552069601,0.21025108330773648
A_Task-2_trial-006,2,F3,2,3,14.958196079638215,0.12737208543088924
A_Task-2_trial-006,2,F4,2,3,23.23818136852843,0.15777411206102288
A_Task-2_trial-007,2,Fz,2,3,8.4840527666482757,0.087434770600556433
A_Task-2_trial-007,2,F3,2,3,17.4847538857431,0.14888623961177594
A_Task-2_trial-007,2,F4,2,3,16.431207629694512,0.11155860920236557
A_Task-2_trial-008,2,Fz,2,3,18.885081882703595,0.19462547530090907
A_Task-2_trial-008,2,F3,2,3,15.43756636956123,0.13145402105975962
A_Task-2_trial-008,2,F4,2,3,22.835165100476509,0.15503785947612167
A_Task-2_trial-009,2,Fz,2,3,1.4196715408233795,0.014630820778012341
A_Task-2_trial-009,2,F3,2,3,3.2544322402130303,0.027712153198320703
A_Task-2_trial-009,2,F4,2,3,2.2432983033892189,0.015230727064750772
A_Task-2_trial-010,2,Fz,2,3,7.0743601426341494,0.072906790331208657
A_Task-2_trial-010,2,F3,2,3,19.693662923978369,0.16769554985408233
A_Task-2_trial-010,2,F4,2,3,16.29623976369869,0.11064225370635843
A_Task-2_trial-011,2,Fz,2,3,18.042622482042958,0.18594327512334635
A_Task-2_trial-011,2,F3,2,3,30.738333676563073,0.2617431702465734
A_Task-2_trial-011,2,F4,2,3,26.67195479110806,0.18108749206157443
A_Task-2_trial-012,2,Fz,2,3,2.4873998590708077,0.025634592576400553
A_Task-2_trial-012,2,F3,2,3,3.8915062913168157,0.033136968465547541
A_Task-2_trial-012,2,F4,2,3,4.0823338975398835,0.02771673891371117
A_Task-2_trial-013,2,Fz,2,3,8.7504042658108556,0.090179730217019874
A_Task-2_trial-013,2,F3,2,3,17.70674393713087,0.15077653010132638
A_Task-2_trial-013,2,F4,2,3,14.818064086919351,0.10060627665740099
A_Task-2_trial-014,2,Fz,2,3,7.0659823185285475,0.072820450329684303
A_Task-2_trial-014,2,F3,2,3,31.220943153145022,0.26585268820941316
A_Task-2_trial-014,2,F4,2,3,16.469260174372163,0.11181696446489527
A_Task-2_trial-015,2,Fz,2,3,10.605699269066594,0.1092999900112208
A_Task-2_trial-015,2,F3,2,3,8.128124372526301,0.06921263409426795
A_Task-2_trial-015,2,F4,2,3,13.404461752429194,0.091008716091253411
A_Task-2_trial-016,2,Fz,2,3,6.6680051845053034,0.068718986044315852
A_Task-2_trial-016,2,F3,2,3,25.441331538486715,0.21663811845646586
A_Task-2_trial-016,2,F4,2,3,10.608103752458259,0.072023026400077253
A_Task-2_trial-017,2,Fz,2,3,9.198007482548018,0.094792629930389546
A_Task-2_trial-017,2,F3,2,3,10.464466382833615,0.089107062041881555
A_Task-2_trial-017,2,F4,2,3,10.013741734412553,0.06798764436424555
A_Task-2_trial-018,2,Fz,2,3,3.3866215776231696,0.034901772642717481
A_Task-2_trial-018,2,F3,2,3,55.163715672929762,0.46973027148255131
A_Task-2_trial-018,2,F4,2,3,20.093137766878478,0.13642104428974119
A_Task-2_trial-019,2,Fz,2,3,9.4330573483028868,0.097215001838866916
A_Task-2_trial-019,2,F3,2,3,21.220255097771396,0.18069479306116798
A_Task-2_trial-019,2,F4,2,3,17.561908099372708,0.11923542606601482
A_Task-2_trial-020,2,Fz,2,3,19.808959882122505,0.20414675754229783
A_Task-2_trial-020,2,F3,2,3,26.963861816895989,0.22960277379726896
A_Task-2_trial-020,2,F4,2,3,20.894452652088233,0.141861519277447
A_Task-2_trial-021,2,Fz,2,3,11.948334895240603,0.12313689569810472
A_Task-2_trial-021,2,F3,2,3,3.6494360765782625,0.031075691296308935
A_Task-2_trial-021,2,F4,2,3,12.290857051359003,0.083447969830090368
A_Task-2_trial-022,2,Fz,2,3,18.527332084953823,0.19093858504232758
A_Task-2_trial-022,2,F3,2,3,64.845095774670966,0.5521691943875997
A_Task-2_trial-022,2,F4,2,3,35.214940885956622,0.23908953723408577
A_Task-2_trial-023,2,Fz,2,3,20.102352119641818,0.20717039302513318
A_Task-2_trial-023,2,F3,2,3,85.15575316064195,0.72511857771898791
A_Task-2_trial-023,2,F4,2,3,34.713905153729044,0.23568778791001391
A_Task-2_trial-024,2,Fz,2,3,6.8269184995268901,0.070356711507187489
A_Task-2_trial-024,2,F3,2,3,9.8114239488582626,0.083546272742994629
A_Task-2_trial-024,2,F4,2,3,6.4251331247672834,0.043623020991087898
A_Task-2_trial-025,2,Fz,2,3,12.330958057129413,0.12708012534393168
A_Task-2_trial-025,2,F3,2,3,4.3839269761612458,0.037330030864516896
A_Task-2_trial-025,2,F4,2,3,13.637779571432084,0.092592812158730081
A_Task-2_trial-026,2,Fz,2,3,7.7646659992975682,0.080020929750385231
A_Task-2_trial-026,2,F3,2,3,12.507101704606955,0.10650051773158384
A_Task-2_trial-026,2,F4,2,3,11.482520804884196,0.077959823769442799
A_Task-2_trial-027,2,Fz,2,3,7.2951834152918584,0.075182546119054686
A_Task-2_trial-027,2,F3,2,3,22.137223270191825,0.18850296376391265
A_Task-2_trial-027,2,F4,2,3,5.2911703359887134,0.035924054825341438
A_Task-2_trial-028,2,Fz,2,3,3.3439083967889478,0.034461580051914485
A_Task-2_trial-028,2,F3,2,3,5.3069947590659234,0.045190140992547777
A_Task-2_trial-028,2,F4,2,3,5.1625107363589597,0.035050528891113111
A_Task-2_trial-029,2,Fz,2,3,6.6766571185202164,0.068808150961915004
A_Task-2_trial-029,2,F3,2,3,22.059124424705679,0.18783793619198128
A_Task-2_trial-029,2,F4,2,3,3.8197534943952078,0.025933966445686487
A_Task-2_trial-030,2,Fz,2,3,3.7511961516188568,0.038658997535214429
A_Task-2_trial-030,2,F3,2,3,10.490870547896058,0.089331898883848265
A_Task-2_trial-030,2,F4,2,3,7.2714153686155321,0.049368798918314
A_Task-2_trial-031,2,Fz,2,3,20.206126605236175,0.20823986991214669
A_Task-2_trial-031,2,F3,2,3,192.64684733703032,1.6404271321463508
A_Task-2_trial-031,2,F4,2,3,25.576194416457604,0.1736478986871865
A_Task-2_trial-032,2,Fz,2,3,8.7410936932893861,0.090083777516704919
A_Task-2_trial-032,2,F3,2,3,5.0510886743445411,0.043011048573122511
A_Task-2_trial-032,2,F4,2,3,1.9847297341287846,0.013475192680411922
A_Task-2_trial-033,2,Fz,2,3,4.8453119493993304,0.049934712859080056
A_Task-2_trial-033,2,F3,2,3,86.441707960349717,0.73606874468675521
A_Task-2_trial-033,2,F4,2,3,3.6824416490509724,0.025001696655246378
A_Task-2_trial-034,2,Fz,2,3,33.911985731498945,0.34948942145893153
A_Task-2_trial-034,2,F3,2,3,60.893109856447531,0.51851722958398005
A_Task-2_trial-034,2,F4,2,3,135.98543620855921,0.92326422239275885
A_Task-2_trial-035,2,Fz,2,3,5.5579190352291308,0.057278683811593893
A_Task-2_trial-035,2,F3,2,3,14.159329548452172,0.12056957425130804
A_Task-2_trial-035,2,F4,2,3,5.4267715752457706,0.036844710567667777
A_Task-2_trial-036,2,Fz,2,3,0.88678247252859177,0.0091389839491489884
A_Task-2_trial-036,2,F3,2,3,2.3820171269169323,0.02028336086598773
A_Task-2_trial-036,2,F4,2,3,1.8968310875603038,0.012878410570238301
A_Task-2_trial-037,2,Fz,2,3,11.938699460303663,0.12303759503761617
A_Task-2_trial-037,2,F3,2,3,9.6890783583460927,0.082504475127570837
A_Task-2_trial-037,2,F4,2,3,11.487353487951845,0.077992634954955939
A_Task-2_trial-038,2,Fz,2,3,11.490176698028206,0.11841521869139085
A_Task-2_trial-038,2,F3,2,3,7.8988661842241932,0.067260453938941811
A_Task-2_trial-038,2,F4,2,3,14.087760957401104,0.09564793133907179
A_Task-2_trial-039,2,Fz,2,3,9.6254340238369096,0.099197593290954275
A_Task-2_trial-039,2,F3,2,3,62.157182553932074,0.5292810659956465
A_Task-2_trial-039,2,F4,2,3,17.207424797812429,0.11682868488187566
A_Task-2_trial-040,2,Fz,2,3,0.95391620760581142,0.0098308493685992458
A_Task-2_trial-040,2,F3,2,3,13.823631337360499,0.11771103562843424
A_Task-2_trial-040,2,F4,2,3,4.0736577870498776,0.0276578330291673
A_Task-2_trial-041,2,Fz,2,3,24.687447241546867,0.2544233688365834
A_Task-2_trial-041,2,F3,2,3,50.677764660215381,0.43153148517248047
A_Task-2_trial-041,2,F4,2,3,29.234652196872627,0.19848675843545571
A_Task-2_trial-042,2,Fz,2,3,0.79064401848924093,0.0081482023137651235
A_Task-2_trial-042,2,F3,2,3,20.251431643250005,0.17244506407247481
A_Task-2_trial-042,2,F4,2,3,7.2356117707503342,0.049125712733031797
A_Task-2_trial-043,2,Fz,2,3,5.6163662475934046,0.057881027849976292
A_Task-2_trial-043,2,F3,2,3,50.663258620349978,0.43140796328928255
A_Task-2_trial-043,2,F4,2,3,139.25188828958611,0.9454415850917115
A_Task-2_trial-044,2,Fz,2,3,19.70968366126483,0.20312363877635806
A_Task-2_trial-044,2,F3,2,3,13.401752541658642,0.11411865177937071
A_Task-2_trial-044,2,F4,2,3,23.973896412304132,0.16276920121713262
A_Task-2_trial-045,2,Fz,2,3,9.289855230644962,0.095739192499708234
A_Task-2_trial-045,2,F3,2,3,36.911505659399431,0.31430898667197366
A_Task-2_trial-045,2,F4,2,3,7.7622111609278717,0.052701024840271726
A_Task-2_trial-046,2,Fz,2,3,6.4690847587425004,0.066668956150264774
A_Task-2_trial-046,2,F3,2,3,6.1039271992146356,0.051976182993123281
A_Task-2_trial-046,2,F4,2,3,10.314081084886187,0.07002677873480935
A_Task-2_trial-047,2,Fz,2,3,3.2798774880154653,0.033801691673807852
A_Task-2_trial-047,2,F3,2,3,13.113536761387225,0.11166443572338296
A_Task-2_trial-047,2,F4,2,3,7.5941919045624928,0.051560269091712921
A_Task-2_trial-048,2,Fz,2,3,2.7503499279182284,0.028344497804648872
A_Task-2_trial-048,2,F3,2,3,3.0526293750630655,0.025993760710133637
A_Task-2_trial-048,2,F4,2,3,3.6394826697208456,0.024710029475643512
A_Task-2_trial-049,2,Fz,2,3,11.759250293495148,0.12118823163006608
A_Task-2_trial-049,2,F3,2,3,23.584220090022594,0.20082443632467128
A_Task-2_trial-049,2,F4,2,3,20.497865460869612,0.13916891648908794
A_Task-2_trial-050,2,Fz,2,3,1.7439508182758587,0.017972771260219563
A_Task-2_trial-050,2,F3,2,3,12.768756745426598,0.1087285636827978
A_Task-2_trial-050,2,F4,2,3,9.0317859057742123,0.061320719509429716
A_Task-2_trial-051,2,Fz,2,3,12.18072552123763,0.12553186207003089
A_Task-2_trial-051,2,F3,2,3,29.499046063163924,0.25119038387267412
A_Task-2_trial-051,2,F4,2,3,24.182019378847471,0.16418223848218949
A_Task-2_trial-052,2,Fz,2,3,15.748893695980648,0.16230461377300198
A_Task-2_trial-052,2,F3,2,3,44.505126778259914,0.37897021672483544
A_Task-2_trial-052,2,F4,2,3,36.750337719181616,0.24951401358107969
A_Task-2_trial-053,2,Fz,2,3,4.5253624838742432,0.046637384460566526
A_Task-2_trial-053,2,F3,2,3,18.316142697328729,0.15596568463120047
A_Task-2_trial-053,2,F4,2,3,7.0423608941606641,0.047813648549720006
A_Task-2_trial-054,2,Fz,2,3,18.2721417706118,0.18830865012706025
A_Task-2_trial-054,2,F3,2,3,35.373450095388556,0.30121213036298844
A_Task-2_trial-054,2,F4,2,3,31.42839578508168,0.21338103700357086
A_Task-2_trial-055,2,Fz,2,3,1.2534079548441825,0.012917345048999392
A_Task-2_trial-055,2,F3,2,3,34.879798773764918,0.2970085888412598
A_Task-2_trial-055,2,F4,2,3,17.343282178157736,0.11775107967736283
A_Task-2_trial-056,2,Fz,2,3,8.1459380082680699,0.083950234713197139
A_Task-2_trial-056,2,F3,2,3,7.4181346875523744,0.063166927357434191
A_Task-2_trial-056,2,F4,2,3,7.4922211497172748,0.050867945323051528
A_Task-2_trial-057,2,Fz,2,3,3.6272324664327669,0.037381455224344606
A_Task-2_trial-057,2,F3,2,3,6.6704639778707069,0.056800359022541075
A_Task-2_trial-057,2,F4,2,3,2.7919769447110774,0.018955944803116614
A_Task-2_trial-058,2,Fz,2,3,9.7148996544635509,0.10011960628470004
A_Task-2_trial-058,2,F3,2,3,19.509168253909056,0.16612454017133049
A_Task-2_trial-058,2,F4,2,3,16.507154889108683,0.11207424815136556
A_Task-2_trial-059,2,Fz,2,3,19.602602804464752,0.20202008715927816
A_Task-2_trial-059,2,F3,2,3,36.129542453934747,0.30765041075279309
A_Task-2_trial-059,2,F4,2,3,37.640004728453079,0.25555434953473094
A_Task-2_trial-060,2,Fz,2,3,11.338232621964128,0.11684931666317602
A_Task-2_trial-060,2,F3,2,3,15.798919297336571,0.13453101481905094
A_Task-2_trial-060,2,F4,2,3,11.252926670231583,0.076401009413243084
A_Task-2_trial-061,2,Fz,2,3,6.8963727478991972,0.071072491623211664
A_Task-2_trial-061,2,F3,2,3,18.339157300590905,0.15616165866424969
A_Task-2_trial-061,2,F4,2,3,14.287739587500996,0.097005673164683004
A_Task-2_trial-062,2,Fz,2,3,8.0212442172091851,0.082665168092748181
A_Task-2_trial-062,2,F3,2,3,73.466263981730094,0.62558019712732049
A_Task-2_trial-062,2,F4,2,3,18.991150853727689,0.12893917623957185
A_Task-2_trial-063,2,Fz,2,3,5.6894554443787602,0.058634268940063378
A_Task-2_trial-063,2,F3,2,3,44.825481574519827,0.38169810304616519
A_Task-2_trial-063,2,F4,2,3,8.5739078002483886,0.058211986068294051
A_Task-2_trial-064,2,Fz,2,3,19.371948432529592,0.19964301423754369
A_Task-2_trial-064,2,F3,2,3,34.683208690028387,0.29533458424824338
A_Task-2_trial-064,2,F4,2,3,28.808511238052983,0.19559350227550262
A_Task-2_trial-065,2,Fz,2,3,11.605075089361451,0.1195993360896333
A_Task-2_trial-065,2,F3,2,3,10.711778359234389,0.091212973879010201
A_Task-2_trial-065,2,F4,2,3,14.614247818087131,0.099222479434691271
A_Task-2_trial-066,2,Fz,2,3,16.536777732175597,0.17042437231992591
A_Task-2_trial-066,2,F3,2,3,4.1130751012330293,0.035023671998193777
A_Task-2_trial-066,2,F4,2,3,19.539147987083698,0.13265976692419071
A_Task-2_trial-067,2,Fz,2,3,21.420728823065357,0.22075729162176866
A_Task-2_trial-067,2,F3,2,3,15.930564686233991,0.13565200211136558
A_Task-2_trial-067,2,F4,2,3,38.472711389389438,0.26120795692994914
A_Task-2_trial-068,2,Fz,2,3,35.853408798579139,0.36949729802189712
A_Task-2_trial-068,2,F3,2,3,170.6038073207919,1.4527261579676023
A_Task-2_trial-068,2,F4,2,3,134.1845687952906,0.91103735091077254
A_Task-2_trial-069,2,Fz,2,3,5.8548662826137621,0.060338956439506736
A_Task-2_trial-069,2,F3,2,3,8.4935111856181447,0.072323977208415727
A_Task-2_trial-069,2,F4,2,3,5.6483032299491089,0.038348785243733599
A_Task-2_trial-070,2,Fz,2,3,32.208946334218709,0.33193827425128231
A_Task-2_trial-070,2,F3,2,3,78.490218874240298,0.66836019602309782
A_Task-2_trial-070,2,F4,2,3,57.387283084869445,0.38962720398473238
A_Task-2_trial-071,2,Fz,2,3,10.861433879218254,0.11193553431866936
A_Task-2_trial-071,2,F3,2,3,8.5580922778356516,0.072873898358757239
A_Task-2_trial-071,2,F4,2,3,14.68608202439574,0.09971019307872446
A_Task-2_trial-072,2,Fz,2,3,19.044187242005062,0.19626517992963674
A_Task-2_trial-072,2,F3,2,3,36.976377255289627,0.31486138152024096
A_Task-2_trial-072,2,F4,2,3,39.941828584504613,0.27118243201029207
A_Task-2_trial-073,2,Fz,2,3,5.1427417501920578,0.052999958575645198
A_Task-2_trial-073,2,F3,2,3,4.7087436307090789,0.040095910817699247
A_Task-2_trial-073,2,F4,2,3,6.9656633230488394,0.047292915408537382
A_Task-2_trial-074,2,Fz,2,3,15.677254849938539,0.16156631967676488
A_Task-2_trial-074,2,F3,2,3,13.712625714343048,0.11676580014529102
A_Task-2_trial-074,2,F4,2,3,20.039107429416198,0.13605420884843539
A_Task-2_trial-075,2,Fz,2,3,15.351606247638998,0.15821025723566567
A_Task-2_trial-075,2,F3,2,3,17.917438946433997,0.15257064100761081
A_Task-2_trial-075,2,F4,2,3,61.719939941314969,0.41904349425074139
A_Task-2_trial-076,2,Fz,2,3,3.4364277103363481,0.035415063626172555
A_Task-2_trial-076,2,F3,2,3,7.2817925000066248,0.062005945868259082
A_Task-2_trial-076,2,F4,2,3,2.4877924927508142,0.016890704367572212
A_Task-2_trial-077,2,Fz,2,3,13.378088897892985,0.13787162409684442
A_Task-2_trial-077,2,F3,2,3,20.750888930201789,0.1766980445711929
A_Task-2_trial-077,2,F4,2,3,18.931395705912465,0.12853347257291617
A_Task-2_trial-078,2,Fz,2,3,11.864829204911452,0.12227630453034671
A_Task-2_trial-078,2,F3,2,3,6.2549757248345053,0.053262391945528537
A_Task-2_trial-078,2,F4,2,3,8.0336836727083583,0.054544169698119704
A_Task-2_trial-079,2,Fz,2,3,9.9648869748030666,0.102695920295011
A_Task-2_trial-079,2,F3,2,3,11.382496615708671,0.096924276405655888
A_Task-2_trial-079,2,F4,2,3,11.846737036621036,0.080432646046246073
A_Task-2_trial-080,2,Fz,2,3,12.05092093449268,0.12419412472007468
A_Task-2_trial-080,2,F3,2,3,165.76441145734418,1.4115177167845085
A_Task-2_trial-080,2,F4,2,3,34.151148096533866,0.23186698568814598
A_Task-2_trial-081,2,Fz,2,3,9.2696145517787407,0.095530596541839541
A_Task-2_trial-081,2,F3,2,3,22.20842691704323,0.18910927731545737
A_Task-2_trial-081,2,F4,2,3,6.4571690214280686,0.043840526615541768
A_Task-2_trial-082,2,Fz,2,3,8.7673538223747638,0.090354408596646688
A_Task-2_trial-082,2,F3,2,3,10.7718268846473,0.091724299300081774
A_Task-2_trial-082,2,F4,2,3,5.1920622686789804,0.035251167086413036
A_Task-2_trial-083,2,Fz,2,3,12.001780290193219,0.12368769211296299
A_Task-2_trial-083,2,F3,2,3,3.9147678693452592,0.033335045539020954
A_Task-2_trial-083,2,F4,2,3,15.87811807540354,0.10780344385897661
A_Task-2_trial-084,2,Fz,2,3,18.174748508916508,0.1873049367216176
A_Task-2_trial-084,2,F3,2,3,15.720768129103933,0.13386554170827913
A_Task-2_trial-084,2,F4,2,3,18.083794790001242,0.12277874160799164
A_Task-2_trial-085,2,Fz,2,3,19.817643612639902,0.20423625014761618
A_Task-2_trial-085,2,F3,2,3,17.644256031008897,0.15024443285680636
A_Task-2_trial-085,2,F4,2,3,18.255734452645768,0.12394611469849307
A_Task-2_trial-086,2,Fz,2,3,10.360979785897326,0.10677796516520552
A_Task-2_trial-086,2,F3,2,3,101.138590486035,0.86121569199663461
A_Task-2_trial-086,2,F4,2,3,9.243393000209684,0.06275741203286378
A_Task-2_trial-087,2,Fz,2,3,4.9383675708357684,0.050893723503777105
A_Task-2_trial-087,2,F3,2,3,19.856705650517213,0.1690838918695918
A_Task-2_trial-087,2,F4,2,3,16.32393557150581,0.1108302925814874
A_Task-2_trial-088,2,Fz,2,3,2.2596084002443262,0.023287024203705497
A_Task-2_trial-088,2,F3,2,3,20.769083789220293,0.17685297750060291
A_Task-2_trial-088,2,F4,2,3,5.6554628965308087,0.038397395331574227
A_Task-2_trial-089,2,Fz,2,3,21.058480832899544,0.21702404398743397
A_Task-2_trial-089,2,F3,2,3,21.189333243923251,0.18043148717929169
A_Task-2_trial-089,2,F4,2,3,25.576793859564479,0.17365196856694248
A_Task-2_trial-090,2,Fz,2,3,14.721224613263276,0.15171368359233367
A_Task-2_trial-090,2,F3,2,3,2.5454440285692206,0.021674974210814553
A_Task-2_trial-090,2,F4,2,3,22.347263123133178,0.15172528092157034
A_Task-2_trial-091,2,Fz,2,3,3.8715637106439629,0.039899478965561175
A_Task-2_trial-091,2,F3,2,3,3.4015021789192414,0.028964483673029673
A_Task-2_trial-091,2,F4,2,3,2.0255117354333416,0.013752079410137339
A_Task-2_trial-092,2,Fz,2,3,40.958601131295886,0.42211028060936312
A_Task-2_trial-092,2,F3,2,3,88.909933990851655,0.75708619192076954
A_Task-2_trial-092,2,F4,2,3,85.124232748235826,0.57794540905501324
A_Task-2_trial-093,2,Fz,2,3,13.337183631806212,0.13745006347540281
A_Task-2_trial-093,2,F3,2,3,6.0031853370418817,0.051118345523496714
A_Task-2_trial-093,2,F4,2,3,16.174015209190472,0.10981241808997476
A_Task-2_trial-094,2,Fz,2,3,10.657247693773876,0.1098312366704612
A_Task-2_trial-094,2,F3,2,3,20.997825140941572,0.17880075668720419
A_Task-2_trial-094,2,F4,2,3,8.5903679242599047,0.058323741003378962
A_Task-2_trial-095,2,Fz,2,3,11.641035013496198,0.11996993111114178
A_Task-2_trial-095,2,F3,2,3,3.8408443196354063,0.03270557146080539
A_Task-2_trial-095,2,F4,2,3,8.1230658437671259,0.055151024100761649
A_Task-2_trial-096,2,Fz,2,3,15.417247445644916,0.15888674089830332
A_Task-2_trial-096,2,F3,2,3,31.625167323731795,0.26929473933075759
A_Task-2_trial-096,2,F4,2,3,23.892744470830568,0.1622182254198028
A_Task-2_trial-097,2,Fz,2,3,3.845316008745872,0.039628975957461891
A_Task-2_trial-097,2,F3,2,3,3.0514958293553249,0.025984108337617762
A_Task-2_trial-097,2,F4,2,3,5.4680396606080901,0.037124897533301685
A_Task-2_trial-098,2,Fz,2,3,2.0481802942115137,0.02110809292428675
A_Task-2_trial-098,2,F3,2,3,7.5526689831613174,0.064312514278641417
A_Task-2_trial-098,2,F4,2,3,4.9655063791074454,0.033712980696416393
A_Task-2_trial-099,2,Fz,2,3,7.851592144423714,0.080916771368458748
A_Task-2_trial-099,2,F3,2,3,10.894356809657156,0.092767666561287862
A_Task-2_trial-099,2,F4,2,3,5.3091505465691373,0.036046130288735427
A_Task-2_trial-100,2,Fz,2,3,20.904480723873167,0.21543695293843504
A_Task-2_trial-100,2,F3,2,3,17.337238673649825,0.14763011754350883
A_Task-2_trial-100,2,F4,2,3,24.629754791234337,0.16722210877183633
B_Task-1_trial-001,1,Fz,2,3,0.80505152776408795,0.0082966829164935422
B_Task-1_trial-001,1,F3,2,3,3.2752245591360083,0.027889204027716431
B_Task-1_trial-001,1,F4,2,3,1.5532593850664891,0.010545752974077701
B_Task-1_trial-002,1,Fz,2,3,3.5369622909898668,0.036451150769738996
B_Task-1_trial-002,1,F3,2,3,3.85673154302249,0.032840854402929262
B_Task-1_trial-002,1,F4,2,3,4.0047462276705401,0.027189962505248418
B_Task-1_trial-003,1,Fz,2,3,9.519114655117999,0.09810188940154925
B_Task-1_trial-003,1,F3,2,3,22.016865372724354,0.18747809175950181
B_Task-1_trial-003,1,F4,2,3,25.367876085701994,0.17223353500959193
B_Task-1_trial-004,1,Fz,2,3,12.791445098509003,0.13182580290334409
B_Task-1_trial-004,1,F3,2,3,17.350717585300661,0.14774489322081411
B_Task-1_trial-004,1,F4,2,3,15.873992777636204,0.10777543541967979
B_Task-1_trial-005,1,Fz,2,3,28.422396793160438,0.29291493250692546
B_Task-1_trial-005,1,F3,2,3,20.029022836402298,0.17055120779491534
B_Task-1_trial-005,1,F4,2,3,32.647781065980091,0.22165997359086245
B_Task-1_trial-006,1,Fz,2,3,169.48218566127531,1.7466459051773198
B_Task-1_trial-006,1,F3,2,3,21.987168579591188,0.18722521751906249
B_Task-1_trial-006,1,F4,2,3,28.704346913281171,0.1948862854073373
B_Task-1_trial-007,1,Fz,2,3,0.77427986583058517,0.0079795569772572392
B_Task-1_trial-007,1,F3,2,3,6.1549499302362722,0.052410651937105888
B_Task-1_trial-007,1,F4,2,3,0.78644968102352986,0.005339548656428255
B_Task-1_trial-008,1,Fz,2,3,0.73574639988561319,0.0075824396032838559
B_Task-1_trial-008,1,F3,2,3,1.8204396954386204,0.01550141468761908
B_Task-1_trial-008,1,F4,2,3,2.8827026525437378,0.019571921060785018
B_Task-1_trial-009,1,Fz,2,3,0.3205590680295366,0.0033036108270415071
B_Task-1_trial-009,1,F3,2,3,1.1492410224344098,0.0097860213163978391
B_Task-1_trial-009,1,F4,2,3,1.2762034151303858,0.0086646995923757297
B_Task-1_trial-010,1,Fz,2,3,4.1525533009729116,0.042795295510707668
B_Task-1_trial-010,1,F3,2,3,18.753734177593028,0.15969186518875617
B_Task-1_trial-010,1,F4,2,3,11.606642541348018,0.07880254017859234
B_Task-1_trial-011,1,Fz,2,3,5.3634439316213056,0.055274466424083797
B_Task-1_trial-011,1,F3,2,3,15.420061666306717,0.13130496494721064
B_Task-1_trial-011,1,F4,2,3,10.559212101705221,0.071691079735989108
B_Task-1_trial-012,1,Fz,2,3,5.7852716091997953,0.059621729134074174
B_Task-1_trial-012,1,F3,2,3,7.4361995508781797,0.063320753347050937
B_Task-1_trial-012,1,F4,2,3,3.9982764041034167,0.027146036061422792
B_Task-1_trial-013,1,Fz,2,3,4.498259879750842,0.046358071019291985
B_Task-1_trial-013,1,F3,2,3,2.817519697760642,0.023991753934479887
B_Task-1_trial-013,1,F4,2,3,1.5310726585641752,0.010395117646040196
B_Task-1_trial-014,1,Fz,2,3,0.9624828330158508,0.009919135114592267
B_Task-1_trial-014,1,F3,2,3,20.02508987124887,0.170517717795797
B_Task-1_trial-014,1,F4,2,3,6.1804210053862976,0.041961564066657714
B_Task-1_trial-015,1,Fz,2,3,1.0533158520462287,0.010855240110673594
B_Task-1_trial-015,1,F3,2,3,1.3238139124773403,0.011272545021935677
B_Task-1_trial-015,1,F4,2,3,2.0061393278609327,0.013620551716349715
B_Task-1_trial-016,1,Fz,2,3,4.828772802243039,0.049764264067999456
B_Task-1_trial-016,1,F3,2,3,6.2845351049815195,0.053514096086410522
B_Task-1_trial-016,1,F4,2,3,5.8366112112409851,0.039627289962806241
B_Task-1_trial-017,1,Fz,2,3,19.489291875094175,0.20085232979277534
B_Task-1_trial-017,1,F3,2,3,53.419511325493936,0.45487801630634445
B_Task-1_trial-017,1,F4,2,3,37.18870120953855,0.25249025381925527
B_Task-1_trial-018,1,Fz,2,3,3.153061982547281,0.032494759134114939
B_Task-1_trial-018,1,F3,2,3,12.410388482064375,0.10567698494872652
B_Task-1_trial-018,1,F4,2,3,2.2840416059889304,0.015507351052151475
B_Task-1_trial-019,1,Fz,2,3,19.545513762085761,0.20143174012025045
B_Task-1_trial-019,1,F3,2,3,36.464008038909462,0.31049845331329162
B_Task-1_trial-019,1,F4,2,3,18.39652328640075,0.12490199127426858
B_Task-1_trial-020,1,Fz,2,3,13.50871124543851,0.13921778910867061
B_Task-1_trial-020,1,F3,2,3,23.663251674835514,0.20149740636189609
B_Task-1_trial-020,1,F4,2,3,19.456175946424501,0.13209643368251869
B_Task-1_trial-021,1,Fz,2,3,11.78123147790912,0.12141476485299928
B_Task-1_trial-021,1,F3,2,3,2.4970990202412384,0.021263306620810763
B_Task-1_trial-021,1,F4,2,3,5.7925927521937641,0.039328429514979828
B_Task-1_trial-022,1,Fz,2,3,3.4227265330257306,0.035273862324381892
B_Task-1_trial-022,1,F3,2,3,3.4072027376111689,0.02901302509104868
B_Task-1_trial-022,1,F4,2,3,1.7029785500306858,0.01156226144933795
B_Task-1_trial-023,1,Fz,2,3,9.3462192767255647,0.096320067887300104
B_Task-1_trial-023,1,F3,2,3,36.204832911401269,0.30829152432888873
B_Task-1_trial-023,1,F4,2,3,20.384151020365699,0.13839685973496868
B_Task-1_trial-024,1,Fz,2,3,42.720433619756115,0.44026733640593907
B_Task-1_trial-024,1,F3,2,3,13.174289488468645,0.11218175756505259
B_Task-1_trial-024,1,F4,2,3,2.8574976014241997,0.019400793015230493
B_Task-1_trial-025,1,Fz,2,3,13.445209656174235,0.13856335578030671
B_Task-1_trial-025,1,F3,2,3,9.7527156422824408,0.083046359558218458
B_Task-1_trial-025,1,F4,2,3,6.1833385596795916,0.041981372610653232
B_Task-1_trial-026,1,Fz,2,3,7.43062572600161,0.076578384604768734
B_Task-1_trial-026,1,F3,2,3,13.826067865867399,0.11773178316480049
B_Task-1_trial-026,1,F4,2,3,27.211964809420252,0.1847538547511543
B_Task-1_trial-027,1,Fz,2,3,2.8839264751419038,0.029721108144701067
B_Task-1_trial-027,1,F3,2,3,3.354047222776992,0.028560395058621305
B_Task-1_trial-027,1,F4,2,3,4.3120008493772337,0.029276047657422654
B_Task-1_trial-028,1,Fz,2,3,3.141932335490905,0.032380059454138313
B_Task-1_trial-028,1,F3,2,3,9.4119277344597414,0.080144481131307455
B_Task-1_trial-028,1,F4,2,3,17.725796416566958,0.12034813507333485
B_Task-1_trial-029,1,Fz,2,3,5.5464493201464702,0.057160479465783072
B_Task-1_trial-029,1,F3,2,3,7.5686802459591247,0.064448853441604712
B_Task-1_trial-029,1,F4,2,3,3.865824982627911,0.026246765800849836
B_Task-1_trial-030,1,Fz,2,3,2.785630594412055,0.028708092547205043
B_Task-1_trial-030,1,F3,2,3,7.000850844671481,0.05961367046727311
B_Task-1_trial-030,1,F4,2,3,5.0957551284570011,0.034597296058698386
B_Task-1_trial-031,1,Fz,2,3,2.4977814381927756,0.02574158283376542
B_Task-1_trial-031,1,F3,2,3,11.809252907346119,0.1005581931257748
B_Task-1_trial-031,1,F4,2,3,3.0002443806236299,0.020369962933503974
B_Task-1_trial-032,1,Fz,2,3,70.221108877182047,0.72368321070906017
B_Task-1_trial-032,1,F3,2,3,34.741236447638371,0.29582870242000092
B_Task-1_trial-032,1,F4,2,3,25.826733903180656,0.17534892014093448
B_Task-1_trial-033,1,Fz,2,3,0.7775470055466801,0.008013227396272039
B_Task-1_trial-033,1,F3,2,3,4.9000135035378198,0.041724612731525675
B_Task-1_trial-033,1,F4,2,3,3.9142185770524764,0.026575330944080773
B_Task-1_trial-034,1,Fz,2,3,17.18232422304165,0.17707723161881569
B_Task-1_trial-034,1,F3,2,3,12.42933280128093,0.10583829968432927
B_Task-1_trial-034,1,F4,2,3,13.853323998437189,0.094056236944048632
B_Task-1_trial-035,1,Fz,2,3,8.9666329856549982,0.092408135560176838
B_Task-1_trial-035,1,F3,2,3,16.734944411959074,0.14250145926505253
B_Task-1_trial-035,1,F4,2,3,9.6863806645394828,0.065765047797695
B_Task-1_trial-036,1,Fz,2,3,48.875390628376451,0.5036989614684988
B_Task-1_trial-036,1,F3,2,3,19.013018318253302,0.16189972244234643
B_Task-1_trial-036,1,F4,2,3,11.461573569916833,0.077817603888089046
B_Task-1_trial-037,1,Fz,2,3,2.8685042237513185,0.029562169834253398
B_Task-1_trial-037,1,F3,2,3,7.6971810955340576,0.065543064341292021
B_Task-1_trial-037,1,F4,2,3,32.623281205755163,0.2214936333927503
B_Task-1_trial-038,1,Fz,2,3,8.6149519378327017,0.088783788495554128
B_Task-1_trial-038,1,F3,2,3,4.7089403272047488,0.040097585728411544
B_Task-1_trial-038,1,F4,2,3,2.1391807340148024,0.01452382763929712
B_Task-1_trial-039,1,Fz,2,3,10.318751205618081,0.10634276676049761
B_Task-1_trial-039,1,F3,2,3,17.011087762248163,0.14485287612153253
B_Task-1_trial-039,1,F4,2,3,9.9046248868980449,0.067246802666933767
B_Task-1_trial-040,1,Fz,2,3,10.296536906027089,0.10611383110412996
B_Task-1_trial-040,1,F3,2,3,12.985563917502967,0.11057472089966514
B_Task-1_trial-040,1,F4,2,3,9.0874817258158433,0.061698862635745089
B_Task-1_trial-041,1,Fz,2,3,2.7005699290550105,0.027831476150869019
B_Task-1_trial-041,1,F3,2,3,1.9296861591228636,0.016431670570837085
B_Task-1_trial-041,1,F4,2,3,3.9344652494860601,0.026712794401945218
B_Task-1_trial-042,1,Fz,2,3,20.474102771017815,0.21100157298330649
B_Task-1_trial-042,1,F3,2,3,19.060597775147993,0.16230487120601292
B_Task-1_trial-042,1,F4,2,3,0.72318251541226242,0.0049100003747174518
B_Task-1_trial-043,1,Fz,2,3,13.990922844761513,0.14418735515539274
B_Task-1_trial-043,1,F3,2,3,8.5314203391762646,0.072646781370088037
B_Task-1_trial-043,1,F4,2,3,14.372070920344049,0.097578235231706653
B_Task-1_trial-044,1,Fz,2,3,1.6488086129990187,0.01699225674414849
B_Task-1_trial-044,1,F3,2,3,4.0200394549674057,0.034231454526168922
B_Task-1_trial-044,1,F4,2,3,4.5625567153893956,0.030977180317282464
B_Task-1_trial-045,1,Fz,2,3,1.8368970118631394,0.018930654165715606
B_Task-1_trial-045,1,F3,2,3,3.3492174939562287,0.028519268934275088
B_Task-1_trial-045,1,F4,2,3,1.2383225201196324,0.0084075097340293881
B_Task-1_trial-046,1,Fz,2,3,14.583524704304791,0.15029457879859262
B_Task-1_trial-046,1,F3,2,3,14.354356426295798,0.12223026782784382
B_Task-1_trial-046,1,F4,2,3,24.914641970542249,0.16915633163721719
B_Task-1_trial-047,1,Fz,2,3,4.1664178482703909,0.042938180467435083
B_Task-1_trial-047,1,F3,2,3,6.5565809789695022,0.055830622097851626
B_Task-1_trial-047,1,F4,2,3,19.487897517966829,0.13231180521714528
B_Task-1_trial-048,1,Fz,2,3,8.3298683787938899,0.085845780414730261
B_Task-1_trial-048,1,F3,2,3,5.2068916136655803,0.044337742326294859
B_Task-1_trial-048,1,F4,2,3,12.561637363673812,0.085286415044952754
B_Task-1_trial-049,1,Fz,2,3,5.3804049910750953,0.055449263349948548
B_Task-1_trial-049,1,F3,2,3,3.2984263820559616,0.028086772274273614
B_Task-1_trial-049,1,F4,2,3,1.7239383717571315,0.011704566787669023
B_Task-1_trial-050,1,Fz,2,3,13.554093031889735,0.13968548375849701
B_Task-1_trial-050,1,F3,2,3,29.000608109195252,0.24694608320186551
B_Task-1_trial-050,1,F4,2,3,26.305128336825813,0.17859694784957098
B_Task-1_trial-051,1,Fz,2,3,23.972344855915555,0.24705368187643434
B_Task-1_trial-051,1,F3,2,3,1.9014301363644537,0.016191064783510865
B_Task-1_trial-051,1,F4,2,3,13.151999568443184,0.089294640610229584
B_Task-1_trial-052,1,Fz,2,3,3.008765887760128,0.031007675508719815
B_Task-1_trial-052,1,F3,2,3,3.6247506254635198,0.030865489653574281
B_Task-1_trial-052,1,F4,2,3,2.0153797303877132,0.013683288824758881
B_Task-1_trial-053,1,Fz,2,3,4.8061441566395455,0.049531058253306677
B_Task-1_trial-053,1,F3,2,3,4.388837518506973,0.03737184513248356
B_Task-1_trial-053,1,F4,2,3,5.2223891329611618,0.035457069347344543
B_Task-1_trial-054,1,Fz,2,3,71.071421319593668,0.73244634259731578
B_Task-1_trial-054,1,F3,2,3,13.525663753996312,0.11517378098343317
B_Task-1_trial-054,1,F4,2,3,1.8166500967490191,0.012334026978906317
B_Task-1_trial-055,1,Fz,2,3,3.527856391671178,0.036357307386165147
B_Task-1_trial-055,1,F3,2,3,13.430568523799341,0.11436402573485699
B_Task-1_trial-055,1,F4,2,3,8.0134160138321899,0.054406563754176351
B_Task-1_trial-056,1,Fz,2,3,14.294291176323064,0.14731380205608036
B_Task-1_trial-056,1,F3,2,3,1.6941133122008922,0.014425719811561516
B_Task-1_trial-056,1,F4,2,3,7.2496109236026571,0.04922075906543856
B_Task-1_trial-057,1,Fz,2,3,10.177705162690454,0.10488917745044841
B_Task-1_trial-057,1,F3,2,3,10.182970473956516,0.086710067059127802
B_Task-1_trial-057,1,F4,2,3,12.292396266783252,0.08345842023251128
B_Task-1_trial-058,1,Fz,2,3,5.4249204012073875,0.055908029317129626
B_Task-1_trial-058,1,F3,2,3,3.6414418379795603,0.031007618726840824
B_Task-1_trial-058,1,F4,2,3,7.1304392126107574,0.048411650530378936
B_Task-1_trial-059,1,Fz,2,3,33.283086202979774,0.34300812207062098
B_Task-1_trial-059,1,F3,2,3,15.675980491262974,0.13348416585233006
B_Task-1_trial-059,1,F4,2,3,21.890398345799817,0.14862342740590115
B_Task-1_trial-060,1,Fz,2,3,4.2813865696901665,0.044123022671987831
B_Task-1_trial-060,1,F3,2,3,1.3778586033071185,0.011732746569021093
B_Task-1_trial-060,1,F4,2,3,1.4945149858970508,0.010146911719225092
B_Task-1_trial-061,1,Fz,2,3,15.089329131625572,0.15550728731042451
B_Task-1_trial-061,1,F3,2,3,8.7121260321024465,0.074185527140948282
B_Task-1_trial-061,1,F4,2,3,26.506766823917705,0.17996595916563446
B_Task-1_trial-062,1,Fz,2,3,11.06174284267354,0.11399987417494625
B_Task-1_trial-062,1,F3,2,3,5.3559962168807909,0.045607398383599729
B_Task-1_trial-062,1,F4,2,3,12.607179359224789,0.085595619444195178
B_Task-1_trial-063,1,Fz,2,3,21.763885608058231,0.22429378951978091
B_Task-1_trial-063,1,F3,2,3,9.8022349538152547,0.083468026579124957
B_Task-1_trial-063,1,F4,2,3,3.1154255795153736,0.021151978147735846
B_Task-1_trial-064,1,Fz,2,3,3.9486607228810491,0.040694023714909898
B_Task-1_trial-064,1,F3,2,3,6.48514201924284,0.055222304809259271
B_Task-1_trial-064,1,F4,2,3,12.227324033170294,0.083016616559698234
B_Task-1_trial-065,1,Fz,2,3,3.1117594761400329,0.032069104641825351
B_Task-1_trial-065,1,F3,2,3,5.778144416943463,0.049202076265652157
B_Task-1_trial-065,1,F4,2,3,10.709466391686885,0.072711221407545309
B_Task-1_trial-066,1,Fz,2,3,11.949162036075954,0.12314542002853765
B_Task-1_trial-066,1,F3,2,3,2.6514484924657937,0.022577623805699158
B_Task-1_trial-066,1,F4,2,3,12.214914526575022,0.082932363026552297
B_Task-1_trial-067,1,Fz,2,3,6.1366886532766971,0.063243355434511275
B_Task-1_trial-067,1,F3,2,3,7.5478608295120617,0.064271571871273761
B_Task-1_trial-067,1,F4,2,3,4.7556852103687151,0.0322884135986575
B_Task-1_trial-068,1,Fz,2,3,2.2620164276235761,0.023311840801067105
B_Task-1_trial-068,1,F3,2,3,2.5390202939426065,0.021620274802457404
B_Task-1_trial-068,1,F4,2,3,2.7748476002906255,0.018839646239848476
B_Task-1_trial-069,1,Fz,2,3,12.274051040768008,0.12649365422476547
B_Task-1_trial-069,1,F3,2,3,8.3119247212556964,0.07077773148943152
B_Task-1_trial-069,1,F4,2,3,3.3063837800396558,0.022448476356898301
B_Task-1_trial-070,1,Fz,2,3,0.86007151401343196,0.0088637067208560492
B_Task-1_trial-070,1,F3,2,3,4.7099629447835536,0.040106293525322162
B_Task-1_trial-070,1,F4,2,3,3.2225038553192191,0.021878979095790108
B_Task-1_trial-071,1,Fz,2,3,99.736628569976105,1.0278636259512421
B_Task-1_trial-071,1,F3,2,3,3.3402756455859679,0.028443127274648275
B_Task-1_trial-071,1,F4,2,3,4.4274836718149215,0.030060110724986221
B_Task-1_trial-072,1,Fz,2,3,4.2405369346990707,0.043702035372309121
B_Task-1_trial-072,1,F3,2,3,11.494871876822501,0.097881174636077761
B_Task-1_trial-072,1,F4,2,3,11.33993157515024,0.076991723522957606
B_Task-1_trial-073,1,Fz,2,3,3.3624026092207422,0.034652177313139527
B_Task-1_trial-073,1,F3,2,3,2.4663866096078819,0.021001784190555588
B_Task-1_trial-073,1,F4,2,3,0.77803456671170779,0.0052824147883606867
B_Task-1_trial-074,1,Fz,2,3,1.906016101189558,0.019642980206771372
B_Task-1_trial-074,1,F3,2,3,3.7618081382111472,0.03203256228249908
B_Task-1_trial-074,1,F4,2,3,4.2413436096801442,0.028796324951196217
B_Task-1_trial-075,1,Fz,2,3,2.0197183524804663,0.020814770450399818
B_Task-1_trial-075,1,F3,2,3,15.808908388805069,0.13461607396690062
B_Task-1_trial-075,1,F4,2,3,9.9655771861593578,0.067660634315009946
B_Task-1_trial-076,1,Fz,2,3,23.641989983457769,0.24364911765641076
B_Task-1_trial-076,1,F3,2,3,15.671503386205064,0.13344604239112637
B_Task-1_trial-076,1,F4,2,3,31.420008593575609,0.2133240927155661
B_Task-1_trial-077,1,Fz,2,3,1.7941382146264435,0.018489991462361959
B_Task-1_trial-077,1,F3,2,3,6.2143824447442553,0.052916731899888839
B_Task-1_trial-077,1,F4,2,3,1.3674497156258849,0.0092842103798690939
B_Task-1_trial-078,1,Fz,2,3,9.7762747841784119,0.1007521247914559
B_Task-1_trial-078,1,F3,2,3,26.052501292694291,0.22184235336094546
B_Task-1_trial-078,1,F4,2,3,2.7648933182665876,0.018772062293297712
B_Task-1_trial-079,1,Fz,2,3,0.92142081329096248,0.0094959590248401161
B_Task-1_trial-079,1,F3,2,3,2.7576100562338017,0.023481611137977969
B_Task-1_trial-079,1,F4,2,3,5.1143383616081408,0.034723465704383942
B_Task-1_trial-080,1,Fz,2,3,19.120284444630975,0.19704942086235425
B_Task-1_trial-080,1,F3,2,3,12.649641882024182,0.10771427636655959
B_Task-1_trial-080,1,F4,2,3,12.22512123843417,0.083001660828953508
B_Task-1_trial-081,1,Fz,2,3,1.8647008962000688,0.019217194845702942
B_Task-1_trial-081,1,F3,2,3,2.6518578573244058,0.022581109630825793
B_Task-1_trial-081,1,F4,2,3,4.6984336802844933,0.031899708080789131
B_Task-1_trial-082,1,Fz,2,3,6.8262926738642671,0.070350261886380966
B_Task-1_trial-082,1,F3,2,3,8.8642756306144967,0.075481111953232746
B_Task-1_trial-082,1,F4,2,3,0.85986434141216594,0.0058379926900377624
B_Task-1_trial-083,1,Fz,2,3,7.6626781303937834,0.07896986533967143
B_Task-1_trial-083,1,F3,2,3,16.036767738013836,0.13655634272251302
B_Task-1_trial-083,1,F4,2,3,10.015137088079541,0.067997118026677586
B_Task-1_trial-084,1,Fz,2,3,19.13542008829895,0.19720540545702855
B_Task-1_trial-084,1,F3,2,3,4.714472479131925,0.040144693128537433
B_Task-1_trial-084,1,F4,2,3,3.5610591105897278,0.024177577851725369
B_Task-1_trial-085,1,Fz,2,3,10.010778786787187,0.10316887115512931
B_Task-1_trial-085,1,F3,2,3,8.231848618434789,0.070095867168682227
B_Task-1_trial-085,1,F4,2,3,25.337180347030465,0.17202512830012728
B_Task-1_trial-086,1,Fz,2,3,1.2898591412502283,0.013293002910777382
B_Task-1_trial-086,1,F3,2,3,4.2510906422964583,0.03619890243330294
B_Task-1_trial-086,1,F4,2,3,3.4098049734991291,0.023150647783637318
B_Task-1_trial-087,1,Fz,2,3,3.2994619414091151,0.034003524717155079
B_Task-1_trial-087,1,F3,2,3,0.81624442343826276,0.0069504874706241932
B_Task-1_trial-087,1,F4,2,3,0.97311612500931388,0.0066069082653575292
B_Task-1_trial-088,1,Fz,2,3,87.321533586597738,0.89991640406183249
B_Task-1_trial-088,1,F3,2,3,35.55152550616706,0.3027284787457788
B_Task-1_trial-088,1,F4,2,3,24.258077551575443,0.16469863046987712
B_Task-1_trial-089,1,Fz,2,3,35.377472285493226,0.36459240162548595
B_Task-1_trial-089,1,F3,2,3,25.310867123452844,0.21552718739707122
B_Task-1_trial-089,1,F4,2,3,24.544541487682906,0.16664355862239041
B_Task-1_trial-090,1,Fz,2,3,6.1208562016787136,0.063080189691488556
B_Task-1_trial-090,1,F3,2,3,6.328895658677097,0.053891835233898108
B_Task-1_trial-090,1,F4,2,3,5.3710218636582523,0.036466201548227418
B_Task-1_trial-091,1,Fz,2,3,1.1639930463301766,0.011995854786123477
B_Task-1_trial-091,1,F3,2,3,0.71277221295822324,0.0060694005292030251
B_Task-1_trial-091,1,F4,2,3,0.86898451211710825,0.0058999134923586345
B_Task-1_trial-092,1,Fz,2,3,98.81544224702877,1.0183700835319991
B_Task-1_trial-092,1,F3,2,3,8.2299194419190265,0.070079439837828383
B_Task-1_trial-092,1,F4,2,3,4.2057028938576009,0.028554344642886184
B_Task-1_trial-093,1,Fz,2,3,1.8724617138428501,0.019297176115142568
B_Task-1_trial-093,1,F3,2,3,5.4534446580757061,0.046437191702988143
B_Task-1_trial-093,1,F4,2,3,1.5677735291189412,0.010644295805544827
B_Task-1_trial-094,1,Fz,2,3,0.28041911849771745,0.0028899373886785065
B_Task-1_trial-094,1,F3,2,3,2.0816471825946223,0.01772564962825551
B_Task-1_trial-094,1,F4,2,3,0.69414879458454348,0.0047128778266670801
B_Task-1_trial-095,1,Fz,2,3,3.8623240927488345,0.0398042575079256
B_Task-1_trial-095,1,F3,2,3,2.896266782680907,0.024662301397188377
B_Task-1_trial-095,1,F4,2,3,6.0856145849604619,0.041317882077815511
B_Task-1_trial-096,1,Fz,2,3,4.9214300002166489,0.050719168648645237
B_Task-1_trial-096,1,F3,2,3,10.029031335337482,0.085399243948443226
B_Task-1_trial-096,1,F4,2,3,6.2482452867325495,0.04242205258750531
B_Task-1_trial-097,1,Fz,2,3,192.29318516558604,1.9817310188236315
B_Task-1_trial-097,1,F3,2,3,43.733264181780328,0.37239764954786586
B_Task-1_trial-097,1,F4,2,3,47.749241559223421,0.32419035160800258
B_Task-1_trial-098,1,Fz,2,3,2.4937352842221725,0.025699884066211199
B_Task-1_trial-098,1,F3,2,3,5.956798045200669,0.050723348288011255
B_Task-1_trial-098,1,F4,2,3,1.6799233577890496,0.011405729729982035
B_Task-1_trial-099,1,Fz,2,3,17.092537580901233,0.17615191035143712
B_Task-1_trial-099,1,F3,2,3,8.6978338777174979,0.074063826536168192
B_Task-1_trial-099,1,F4,2,3,4.0491922239975828,0.027491725689464876
B_Task-1_trial-100,1,Fz,2,3,2.2037677871547277,0.022711543200702219
B_Task-1_trial-100,1,F3,2,3,17.543514123437973,0.14938659500060514
B_Task-1_trial-100,1,F4,2,3,12.732431046934135,0.086446007583399986
B_Task-2_trial-001,2,Fz,2,3,9.4066726301460761,0.096943086771521997
B_Task-2_trial-001,2,F3,2,3,10.382539169006405,0.088409435133987288
B_Task-2_trial-001,2,F4,2,3,12.423754149083774,0.084350265980399672
B_Task-2_trial-002,2,Fz,2,3,17.105769873239758,0.1762882794284526
B_Task-2_trial-002,2,F3,2,3,110.99136721416644,0.94511409207546215
B_Task-2_trial-002,2,F4,2,3,104.8861531581981,0.71211767476961929
B_Task-2_trial-003,2,Fz,2,3,1.4848452366780833,0.015302486466920791
B_Task-2_trial-003,2,F3,2,3,1.540665515382792,0.013119080576359731
B_Task-2_trial-003,2,F4,2,3,1.044671213812874,0.0070927268593512401
B_Task-2_trial-004,2,Fz,2,3,24.777544241250563,0.25535188858033825
B_Task-2_trial-004,2,F3,2,3,52.421865062915067,0.44638285523809373
B_Task-2_trial-004,2,F4,2,3,43.646952764054006,0.29633813022236993
B_Task-2_trial-005,2,Fz,2,3,12.475364342145806,0.12856834456544827
B_Task-2_trial-005,2,F3,2,3,21.373353826045605,0.1819984599066406
B_Task-2_trial-005,2,F4,2,3,20.901843424936228,0.14191169844616267
B_Task-2_trial-006,2,Fz,2,3,7.8361195984444558,0.080757314733108584
B_Task-2_trial-006,2,F3,2,3,9.2591291128953284,0.078843369755576959
B_Task-2_trial-006,2,F4,2,3,5.0381434612739691,0.03420614541355934
B_Task-2_trial-007,2,Fz,2,3,7.5543204279469274,0.077853154833875365
B_Task-2_trial-007,2,F3,2,3,67.181676788227762,0.57206565749654892
B_Task-2_trial-007,2,F4,2,3,80.602259790466007,0.54724376950492704
B_Task-2_trial-008,2,Fz,2,3,16.285293547196083,0.16783263195383688
B_Task-2_trial-008,2,F3,2,3,20.883205273728997,0.17782474517880106
B_Task-2_trial-008,2,F4,2,3,21.236754984085145,0.14418555856566648
B_Task-2_trial-009,2,Fz,2,3,5.5814916595207773,0.057521618061778607
B_Task-2_trial-009,2,F3,2,3,21.841473917545105,0.18598459780515064
B_Task-2_trial-009,2,F4,2,3,10.082120720585985,0.068451899017226134
B_Task-2_trial-010,2,Fz,2,3,13.709396735879197,0.1412860093687473
B_Task-2_trial-010,2,F3,2,3,83.059562561994724,0.70726908794168997
B_Task-2_trial-010,2,F4,2,3,73.5570089186903,0.49941049964126427
B_Task-2_trial-011,2,Fz,2,3,22.017328159826732,0.22690571238068183
B_Task-2_trial-011,2,F3,2,3,26.488599430586405,0.22555581780412512
B_Task-2_trial-011,2,F4,2,3,77.051839803870266,0.52313842528950205
B_Task-2_trial-012,2,Fz,2,3,13.919030468656027,0.14344644823441949
B_Task-2_trial-012,2,F3,2,3,20.580021189293383,0.17524307096498418
B_Task-2_trial-012,2,F4,2,3,21.579760627438457,0.14651437294032663
B_Task-2_trial-013,2,Fz,2,3,12.658348228391993,0.13045413600941808
B_Task-2_trial-013,2,F3,2,3,25.176025829597975,0.21437898632328845
B_Task-2_trial-013,2,F4,2,3,27.946874100412057,0.18974347330145355
B_Task-2_trial-014,2,Fz,2,3,13.224956184879428,0.13629347223923041
B_Task-2_trial-014,2,F3,2,3,36.706228796954207,0.31256101238943634
B_Task-2_trial-014,2,F4,2,3,103.8841521336139,0.70531465436837093
B_Task-2_trial-015,2,Fz,2,3,11.211732218598339,0.11554563149602975
B_Task-2_trial-015,2,F3,2,3,17.692337071728691,0.15065385270887691
B_Task-2_trial-015,2,F4,2,3,87.352962329041674,0.593077222730932
B_Task-2_trial-016,2,Fz,2,3,4.263421073397458,0.043937874242306538
B_Task-2_trial-016,2,F3,2,3,27.009262089864123,0.22998936636607173
B_Task-2_trial-016,2,F4,2,3,77.854048270382194,0.52858496718899706
B_Task-2_trial-017,2,Fz,2,3,17.575076966875148,0.18112485449485627
B_Task-2_trial-017,2,F3,2,3,36.397645024250878,0.30993335873052635
B_Task-2_trial-017,2,F4,2,3,31.387070798699845,0.21310046371218766
B_Task-2_trial-018,2,Fz,2,3,14.073483665554626,0.14503820870677764
B_Task-2_trial-018,2,F3,2,3,6.3547957663176593,0.054112379924280501
B_Task-2_trial-018,2,F4,2,3,19.307547171461025,0.13108732833883038
B_Task-2_trial-019,2,Fz,2,3,4.0817211709278265,0.042065315251038973
B_Task-2_trial-019,2,F3,2,3,11.980254122403982,0.10201430329154439
B_Task-2_trial-019,2,F4,2,3,14.788632112582015,0.1004064501932025
B_Task-2_trial-020,2,Fz,2,3,19.092477938534053,0.1967628531630885
B_Task-2_trial-020,2,F3,2,3,123.47920174131781,1.051450545867797
B_Task-2_trial-020,2,F4,2,3,105.87454830644555,0.71882831896363342
B_Task-2_trial-021,2,Fz,2,3,31.389727451127982,0.32349558570551323
B_Task-2_trial-021,2,F3,2,3,73.957828327620248,0.62976596762572501
B_Task-2_trial-021,2,F4,2,3,56.972621608287419,0.38681188701839508
B_Task-2_trial-022,2,Fz,2,3,19.664732852182659,0.20266038568393752
B_Task-2_trial-022,2,F3,2,3,52.661195407329302,0.44842080185362382
B_Task-2_trial-022,2,F4,2,3,54.334444994006262,0.36890015949646104
B_Task-2_trial-023,2,Fz,2,3,7.5470225797892123,0.077777944825510509
B_Task-2_trial-023,2,F3,2,3,18.017832080533513,0.15342550898668514
B_Task-2_trial-023,2,F4,2,3,56.995803663097426,0.38696928006285902
B_Task-2_trial-024,2,Fz,2,3,1.4402972924007915,0.014843385210039977
B_Task-2_trial-024,2,F3,2,3,13.198505476620305,0.11238796163506377
B_Task-2_trial-024,2,F4,2,3,6.6855629887454944,0.045391192514139284
B_Task-2_trial-025,2,Fz,2,3,8.172608840472769,0.084225098408612961
B_Task-2_trial-025,2,F3,2,3,26.756304290663799,0.22783537919819308
B_Task-2_trial-025,2,F4,2,3,12.533186628092174,0.085093250637089279
B_Task-2_trial-026,2,Fz,2,3,3.1533465943782204,0.03249769228067035
B_Task-2_trial-026,2,F3,2,3,10.36810637551164,0.088286536958549947
B_Task-2_trial-026,2,F4,2,3,6.2484100771573861,0.042423171421313452
B_Task-2_trial-027,2,Fz,2,3,4.8934293326877398,0.050430599964622326
B_Task-2_trial-027,2,F3,2,3,26.832234568300937,0.22848194097332275
B_Task-2_trial-027,2,F4,2,3,12.209690397659418,0.082896894145064529
B_Task-2_trial-028,2,Fz,2,3,4.0358615883529829,0.041592696540081471
B_Task-2_trial-028,2,F3,2,3,2.5655583927370036,0.021846252117423519
B_Task-2_trial-028,2,F4,2,3,2.9525406577338722,0.020046081627924282
B_Task-2_trial-029,2,Fz,2,3,14.484077634153374,0.14926969929763428
B_Task-2_trial-029,2,F3,2,3,23.04074141481745,0.19619660474126752
B_Task-2_trial-029,2,F4,2,3,7.3003293418996646,0.049565108448251585
B_Task-2_trial-030,2,Fz,2,3,2.9520949896665085,0.030423637772176992
B_Task-2_trial-030,2,F3,2,3,24.73623197157087,0.21063405207063063
B_Task-2_trial-030,2,F4,2,3,9.0484415929175732,0.061433802207603722
B_Task-2_trial-031,2,Fz,2,3,21.412565297153865,0.22067316013001642
B_Task-2_trial-031,2,F3,2,3,38.759681708860725,0.33004658206181836
B_Task-2_trial-031,2,F4,2,3,48.567197175617956,0.32974380775138007
B_Task-2_trial-032,2,Fz,2,3,3.8845700045793832,0.040033518953039485
B_Task-2_trial-032,2,F3,2,3,7.7899320784678094,0.066332857847082372
B_Task-2_trial-032,2,F4,2,3,3.4748398690588918,0.023592197952181024
B_Task-2_trial-033,2,Fz,2,3,3.3886143570789113,0.034922309786858695
B_Task-2_trial-033,2,F3,2,3,10.083186804127227,0.085860388792414546
B_Task-2_trial-033,2,F4,2,3,17.226106296342763,0.11695552169392433
B_Task-2_trial-034,2,Fz,2,3,10.134081658347617,0.10443960326698712
B_Task-2_trial-034,2,F3,2,3,24.380898539310934,0.20760831554135267
B_Task-2_trial-034,2,F4,2,3,101.6024606241042,0.68982325914251186
B_Task-2_trial-035,2,Fz,2,3,4.8248003241083524,0.04972332458730841
B_Task-2_trial-035,2,F3,2,3,6.6905289947605384,0.056971216727030108
B_Task-2_trial-035,2,F4,2,3,3.759060241428092,0.025521893575476847
B_Task-2_trial-036,2,Fz,2,3,11.846491246557589,0.1220873175890755
B_Task-2_trial-036,2,F3,2,3,12.462711432226413,0.10612252552344242
B_Task-2_trial-036,2,F4,2,3,19.567535256308965,0.13285250043137986
B_Task-2_trial-037,2,Fz,2,3,15.086538530055382,0.15547852798810083
B_Task-2_trial-037,2,F3,2,3,9.7194448242827516,0.082763051768291795
B_Task-2_trial-037,2,F4,2,3,20.050803964340432,0.13613362170706644
B_Task-2_trial-038,2,Fz,2,3,23.878243606808642,0.24608389522432475
B_Task-2_trial-038,2,F3,2,3,21.243146718463411,0.18088971987259037
B_Task-2_trial-038,2,F4,2,3,30.179658625043253,0.20490281775318284
B_Task-2_trial-039,2,Fz,2,3,10.106158467985098,0.10415183304549816
B_Task-2_trial-039,2,F3,2,3,73.505441500471406,0.62591380167679433
B_Task-2_trial-039,2,F4,2,3,17.843385644755251,0.12114649944493214
B_Task-2_trial-040,2,Fz,2,3,4.7276741289239732,0.048722363510235095
B_Task-2_trial-040,2,F3,2,3,8.5707692140089762,0.072981845051571917
B_Task-2_trial-040,2,F4,2,3,6.0833488529037387,0.041302499038250208
B_Task-2_trial-041,2,Fz,2,3,1.207167173385973,0.012440797786695381
B_Task-2_trial-041,2,F3,2,3,6.8296648295377338,0.058155986691228068
B_Task-2_trial-041,2,F4,2,3,5.1423077633077696,0.034913362127346428
B_Task-2_trial-042,2,Fz,2,3,23.715755743124962,0.2444093312538593
B_Task-2_trial-042,2,F3,2,3,28.33710611157289,0.24129622858873057
B_Task-2_trial-042,2,F4,2,3,98.20186719513913,0.66673515253783022
B_Task-2_trial-043,2,Fz,2,3,1.9243893901205573,0.019832331257153193
B_Task-2_trial-043,2,F3,2,3,69.250207115369392,0.58967961442974626
B_Task-2_trial-043,2,F4,2,3,104.02996048782227,0.70630461064986638
B_Task-2_trial-044,2,Fz,2,3,16.521304064250138,0.17026490412204645
B_Task-2_trial-044,2,F3,2,3,9.6146920793347235,0.081871060815131139
B_Task-2_trial-044,2,F4,2,3,18.177408514893578,0.12341432586854036
B_Task-2_trial-045,2,Fz,2,3,11.980696363686834,0.12347040583149481
B_Task-2_trial-045,2,F3,2,3,14.7561700048505,0.12565179226718642
B_Task-2_trial-045,2,F4,2,3,25.736725350896947,0.17473781296394633
B_Task-2_trial-046,2,Fz,2,3,21.057540885505546,0.21701435709756761
B_Task-2_trial-046,2,F3,2,3,28.407102049535165,0.24189225825316865
B_Task-2_trial-046,2,F4,2,3,31.691340423716063,0.21516628242462307
B_Task-2_trial-047,2,Fz,2,3,0.13218108047388383,0.0013622289684949163
B_Task-2_trial-047,2,F3,2,3,5.5759586761407762,0.04748042351332038
B_Task-2_trial-047,2,F4,2,3,0.95848600933941686,0.006507578052181117
B_Task-2_trial-048,2,Fz,2,3,5.1140927835126959,0.052704708664022763
B_Task-2_trial-048,2,F3,2,3,3.6914871607024518,0.031433764840138115
B_Task-2_trial-048,2,F4,2,3,6.2448414720233991,0.042398942610229563
B_Task-2_trial-049,2,Fz,2,3,12.515298256258077,0.12897989464836557
B_Task-2_trial-049,2,F3,2,3,15.297317687593834,0.1302597749751373
B_Task-2_trial-049,2,F4,2,3,30.946736948604215,0.21011084584547551
B_Task-2_trial-050,2,Fz,2,3,12.908557727643762,0.13303273974643859
B_Task-2_trial-050,2,F3,2,3,43.003343249035112,0.3661822241778257
B_Task-2_trial-050,2,F4,2,3,26.080595133642394,0.17707249435647371
B_Task-2_trial-051,2,Fz,2,3,20.221504816743384,0.2083983543573007
B_Task-2_trial-051,2,F3,2,3,24.639543325283547,0.20981072855959107
B_Task-2_trial-051,2,F4,2,3,81.098481854936509,0.55061283674669281
B_Task-2_trial-052,2,Fz,2,3,16.059092301296054,0.1655014519637055
B_Task-2_trial-052,2,F3,2,3,21.266523891780793,0.18108878126348679
B_Task-2_trial-052,2,F4,2,3,18.352359999389481,0.12460214752645553
B_Task-2_trial-053,2,Fz,2,3,16.973319351632156,0.17492327365925112
B_Task-2_trial-053,2,F3,2,3,35.096703566429269,0.29885557731731149
B_Task-2_trial-053,2,F4,2,3,32.680692877242578,0.22188342618019852
B_Task-2_trial-054,2,Fz,2,3,12.67504950231036,0.13062625564303587
B_Task-2_trial-054,2,F3,2,3,28.630339147025037,0.24379316759420408
B_Task-2_trial-054,2,F4,2,3,167.44310535426072,1.1368440089630705
B_Task-2_trial-055,2,Fz,2,3,12.126095222475525,0.1249688542986882
B_Task-2_trial-055,2,F3,2,3,24.536498378589531,0.20893327985630805
B_Task-2_trial-055,2,F4,2,3,23.760188075663581,0.16131824244721937
B_Task-2_trial-056,2,Fz,2,3,2.7688002042066175,0.028534642269701448
B_Task-2_trial-056,2,F3,2,3,40.661505196234771,0.34624099630927069
B_Task-2_trial-056,2,F4,2,3,21.108322124340305,0.14331357206705247
B_Task-2_trial-057,2,Fz,2,3,10.906311608524554,0.11239803426708969
B_Task-2_trial-057,2,F3,2,3,13.660470848991045,0.11632169084695826
B_Task-2_trial-057,2,F4,2,3,20.738982320632367,0.14080596363355732
B_Task-2_trial-058,2,Fz,2,3,15.750170304198409,0.16231777021482724
B_Task-2_trial-058,2,F3,2,3,19.901779125062482,0.16946770168328062
B_Task-2_trial-058,2,F4,2,3,13.939736143191338,0.094642926547407122
B_Task-2_trial-059,2,Fz,2,3,7.0929204529148429,0.0730980687822394
B_Task-2_trial-059,2,F3,2,3,3.307512372070279,0.028164141329349929
B_Task-2_trial-059,2,F4,2,3,9.2901336511213728,0.063074754624256643
B_Task-2_trial-060,2,Fz,2,3,25.958825480267315,0.26752591165504092
B_Task-2_trial-060,2,F3,2,3,12.839790010002137,0.10933342639457001
B_Task-2_trial-060,2,F4,2,3,30.037910348567603,0.20394042710382615
B_Task-2_trial-061,2,Fz,2,3,14.185267276539507,0.14619022586793753
B_Task-2_trial-061,2,F3,2,3,19.936688087332556,0.16976495860523128
B_Task-2_trial-061,2,F4,2,3,25.785589350919107,0.17506957189520619
B_Task-2_trial-062,2,Fz,2,3,3.8625736126386752,0.039806829004700617
B_Task-2_trial-062,2,F3,2,3,3.1969118680979065,0.027222355517366566
B_Task-2_trial-062,2,F4,2,3,2.555339965923173,0.017349313517433133
B_Task-2_trial-063,2,Fz,2,3,12.885253524461211,0.13279257178481238
B_Task-2_trial-063,2,F3,2,3,5.0822087162767389,0.043276042066889883
B_Task-2_trial-063,2,F4,2,3,13.643741981541138,0.092633293552079291
B_Task-2_trial-064,2,Fz,2,3,12.227618575281033,0.12601513150927371
B_Task-2_trial-064,2,F3,2,3,5.4545649622611707,0.04644673132124557
B_Task-2_trial-064,2,F4,2,3,9.294898548399436,0.063107105582586212
B_Task-2_trial-065,2,Fz,2,3,13.081881419112886,0.13481897536048598
B_Task-2_trial-065,2,F3,2,3,18.471194331737777,0.15728598087006526
B_Task-2_trial-065,2,F4,2,3,20.555976959595885,0.13956346070778872
B_Task-2_trial-066,2,Fz,2,3,18.292615634440342,0.18851964923755529
B_Task-2_trial-066,2,F3,2,3,91.055080655289103,0.77535255256678692
B_Task-2_trial-066,2,F4,2,3,82.011023088324961,0.55680847574845738
B_Task-2_trial-067,2,Fz,2,3,2.1943248073229271,0.022614225939943909
B_Task-2_trial-067,2,F3,2,3,7.2814265011856891,0.06200282931377353
B_Task-2_trial-067,2,F4,2,3,10.293963873311871,0.069890194242979028
B_Task-2_trial-068,2,Fz,2,3,5.2894479289628178,0.054511879993311391
B_Task-2_trial-068,2,F3,2,3,7.1475967260134992,0.060863241527540871
B_Task-2_trial-068,2,F4,2,3,14.346341586917788,0.097403547605731416
B_Task-2_trial-069,2,Fz,2,3,20.016029684599047,0.20628077310959983
B_Task-2_trial-069,2,F3,2,3,19.592400930924128,0.16683328336408998
B_Task-2_trial-069,2,F4,2,3,38.175163329004029,0.25918777384082126
B_Task-2_trial-070,2,Fz,2,3,8.7253387203457251,0.08992141025155044
B_Task-2_trial-070,2,F3,2,3,11.398966514522796,0.097064520947686347
B_Task-2_trial-070,2,F4,2,3,9.2836669352103716,0.063030849279658935
B_Task-2_trial-071,2,Fz,2,3,13.992020441659378,0.14419866674616383
B_Task-2_trial-071,2,F3,2,3,12.451711351497055,0.1060288575961772
B_Task-2_trial-071,2,F4,2,3,20.460716780878172,0.13891669795671061
B_Task-2_trial-072,2,Fz,2,3,2.8713853919745853,0.029591862516464576
B_Task-2_trial-072,2,F3,2,3,4.0211637916166945,0.03424102848167692
B_Task-2_trial-072,2,F4,2,3,3.6332661726287103,0.024667822975346122
B_Task-2_trial-073,2,Fz,2,3,10.038802377555777,0.1034576760809883
B_Task-2_trial-073,2,F3,2,3,13.823923081040059,0.11771351988527103
B_Task-2_trial-073,2,F4,2,3,11.841442431173364,0.0803966986689547
B_Task-2_trial-074,2,Fz,2,3,10.204312065381984,0.10516338230244679
B_Task-2_trial-074,2,F3,2,3,13.866303006722367,0.11807439358192684
B_Task-2_trial-074,2,F4,2,3,15.181087003189473,0.10307099699691474
B_Task-2_trial-075,2,Fz,2,3,13.460646444915822,0.13872244390947722
B_Task-2_trial-075,2,F3,2,3,3.5688695365355683,0.030389650802752483
B_Task-2_trial-075,2,F4,2,3,17.304720571127799,0.11748926816929731
B_Task-2_trial-076,2,Fz,2,3,14.364367224650053,0.14803599030485576
B_Task-2_trial-076,2,F3,2,3,29.716518556599834,0.2530422064363918
B_Task-2_trial-076,2,F4,2,3,32.572630541184679,0.22114974401943077
B_Task-2_trial-077,2,Fz,2,3,4.7574062976764697,0.049028776662750011
B_Task-2_trial-077,2,F3,2,3,4.9575591139829376,0.042214625321998787
B_Task-2_trial-077,2,F4,2,3,5.6253859202416194,0.038193189668822417
B_Task-2_trial-078,2,Fz,2,3,25.833406438635404,0.26623337076265791
B_Task-2_trial-078,2,F3,2,3,43.344573964062853,0.36908787319825281
B_Task-2_trial-078,2,F4,2,3,36.684154550617471,0.24906466728809765
B_Task-2_trial-079,2,Fz,2,3,23.835173020078951,0.245640019287444
B_Task-2_trial-079,2,F3,2,3,124.05926937876717,1.0563899399150154
B_Task-2_trial-079,2,F4,2,3,90.155508011883938,0.61210492329013855
B_Task-2_trial-080,2,Fz,2,3,16.158074753097733,0.16652154321075457
B_Task-2_trial-080,2,F3,2,3,7.6901899508931262,0.065483533321125997
B_Task-2_trial-080,2,F4,2,3,20.330842326023049,0.13803492384241062
B_Task-2_trial-081,2,Fz,2,3,7.2449989799684094,0.074665356432602775
B_Task-2_trial-081,2,F3,2,3,13.202840861416702,0.11242487831938336
B_Task-2_trial-081,2,F4,2,3,8.7798471216330061,0.059610197617409141
B_Task-2_trial-082,2,Fz,2,3,110.04433620290936,1.1340925800951911
B_Task-2_trial-082,2,F3,2,3,92.063244679127607,0.78393727451380746
B_Task-2_trial-082,2,F4,2,3,89.737803289548097,0.60926894440585777
B_Task-2_trial-083,2,Fz,2,3,2.3289137079997762,0.024001269370687486
B_Task-2_trial-083,2,F3,2,3,2.1323435464695506,0.018157339489528475
B_Task-2_trial-083,2,F4,2,3,1.7418841350467624,0.011826408373435859
B_Task-2_trial-084,2,Fz,2,3,3.5787296337760597,0.036881595762898595
B_Task-2_trial-084,2,F3,2,3,3.0093056559877174,0.025624850420559297
B_Task-2_trial-084,2,F4,2,3,4.8986821113185863,0.03325928170219157
B_Task-2_trial-085,2,Fz,2,3,274.79538042251772,2.8319803884043369
B_Task-2_trial-085,2,F3,2,3,141.79970106234398,1.207453328036884
B_Task-2_trial-085,2,F4,2,3,151.78409690216321,1.0305281955564471
B_Task-2_trial-086,2,Fz,2,3,13.532480246382567,0.13946274717318405
B_Task-2_trial-086,2,F3,2,3,10.05366880541691,0.085609037022892201
B_Task-2_trial-086,2,F4,2,3,12.902128599640937,0.087598158015167613
B_Task-2_trial-087,2,Fz,2,3,14.608864396487579,0.15055572405947554
B_Task-2_trial-087,2,F3,2,3,12.177326065541418,0.10369241101547656
B_Task-2_trial-087,2,F4,2,3,13.007085693102923,0.088310757334488579
B_Task-2_trial-088,2,Fz,2,3,7.3113858061323622,0.075349524374056703
B_Task-2_trial-088,2,F3,2,3,2.673059706951455,0.022761647697556009
B_Task-2_trial-088,2,F4,2,3,13.770955461199954,0.093497001149376244
B_Task-2_trial-089,2,Fz,2,3,2.1613061499041213,0.022273942962414507
B_Task-2_trial-089,2,F3,2,3,29.473811802619412,0.25097550900589549
B_Task-2_trial-089,2,F4,2,3,21.290556897785226,0.1445508431387833
B_Task-2_trial-090,2,Fz,2,3,27.842663024804661,0.28694032456426305
B_Task-2_trial-090,2,F3,2,3,41.218304265953883,0.35098225376428177
B_Task-2_trial-090,2,F4,2,3,42.161155404712339,0.28625040625829845
B_Task-2_trial-091,2,Fz,2,3,7.1791485295978017,0.073986716261394594
B_Task-2_trial-091,2,F3,2,3,27.706823261169919,0.23592924177830674
B_Task-2_trial-091,2,F4,2,3,20.292556739601697,0.13777498635820865
B_Task-2_trial-092,2,Fz,2,3,9.8266749354352729,0.10127153759858745
B_Task-2_trial-092,2,F3,2,3,8.6627859160530569,0.073765386006071215
B_Task-2_trial-092,2,F4,2,3,14.625248624248117,0.099297168688401785
B_Task-2_trial-093,2,Fz,2,3,7.1996795273298151,0.074198304181257141
B_Task-2_trial-093,2,F3,2,3,8.5250914048655453,0.072592889205724126
B_Task-2_trial-093,2,F4,2,3,5.6192029324266874,0.038151210677570276
B_Task-2_trial-094,2,Fz,2,3,6.6225032104720345,0.068250052767862057
B_Task-2_trial-094,2,F3,2,3,2.2185398503204836,0.018891318568253952
B_Task-2_trial-094,2,F4,2,3,4.8681597173291529,0.033052051905105066
B_Task-2_trial-095,2,Fz,2,3,17.471572573983632,0.18005816112347656
B_Task-2_trial-095,2,F3,2,3,34.140172451491736,0.29071052010316151
B_Task-2_trial-095,2,F4,2,3,24.997281375470152,0.16971740647035405
B_Task-2_trial-096,2,Fz,2,3,6.4078334155219343,0.066037713359729674
B_Task-2_trial-096,2,F3,2,3,3.9589404079677717,0.033711183699877446
B_Task-2_trial-096,2,F4,2,3,3.3820001978238872,0.022961869078296875
B_Task-2_trial-097,2,Fz,2,3,10.983772705755682,0.11319633119582824
B_Task-2_trial-097,2,F3,2,3,5.7651252524651859,0.049091215429135693
B_Task-2_trial-097,2,F4,2,3,15.770918865121184,0.10707562183419254
B_Task-2_trial-098,2,Fz,2,3,0.94680197032253965,0.0097575316132799874
B_Task-2_trial-098,2,F3,2,3,2.2401036771755392,0.019074938944787047
B_Task-2_trial-098,2,F4,2,3,2.0125145293981168,0.013663835730093644
B_Task-2_trial-099,2,Fz,2,3,21.284799346136399,0.21935643250879167
B_Task-2_trial-099,2,F3,2,3,32.923205694259224,0.28034780036453105
B_Task-2_trial-099,2,F4,2,3,25.332317837289104,0.17199211460836439
B_Task-2_trial-100,2,Fz,2,3,7.6095786766436033,0.078422634118301263
B_Task-2_trial-100,2,F3,2,3,17.231186300791034,0.14672705999405564
B_Task-2_trial-100,2,F4,2,3,10.983688828038446,0.07457303669835684
