task,record_id,block,block_size,channel,n_left,n_right,left,right,common,difference
1,A_Task-1,0,10,Fz,6,4,-4.4284435400672928,3.2397800238194554,-0.5943317581239187,-7.6682235638867482
1,A_Task-1,0,10,F3,6,4,-37.116349052804757,6.1027377804191625,-15.506805636192798,-43.219086833223919
1,A_Task-1,0,10,F4,6,4,-44.877727717942001,12.721377632937319,-16.078175042502341,-57.59910535087932
1,A_Task-1,1,10,Fz,5,5,-2.5351069673804454,5.1038475702514861,1.2843703014355203,-7.6389545376319319
1,A_Task-1,1,10,F3,5,5,-17.462472503486538,-6.2885500876332516,-11.875511295559894,-11.173922415853287
1,A_Task-1,1,10,F4,5,5,-14.708173827292589,-1.2520233668801883,-7.9800985970863882,-13.456150460412401
1,A_Task-1,2,10,Fz,7,3,14.913573891222116,11.310255650645663,13.11191477093389,3.6033182405764528
1,A_Task-1,2,10,F3,7,3,14.069581999466896,-71.978930022433175,-28.954674011483139,86.048512021900066
1,A_Task-1,2,10,F4,7,3,11.625446272313921,-83.417326625999991,-35.895940176843034,95.042772898313913
1,A_Task-1,3,10,Fz,7,3,2.1822198243660416,10.461610596775099,6.3219152105705705,-8.279390772409057
1,A_Task-1,3,10,F3,7,3,61.947830768547043,3.8126948275295796,32.880262798038309,58.135135941017467
1,A_Task-1,3,10,F4,7,3,52.859572927825361,15.675198182869588,34.267385555347474,37.184374744955775
1,A_Task-1,4,10,Fz,7,3,-3.1981244723519593,-2.2787545238401221,-2.7384394980960405,-0.91936994851183718
1,A_Task-1,4,10,F3,7,3,-6.3030572400656855,2.4885621743519559,-1.9072475328568648,-8.7916194144176423
1,A_Task-1,4,10,F4,7,3,-13.819524595130314,20.534302447623343,3.3573889262465144,-34.353827042753657
1,A_Task-1,5,10,Fz,4,6,-1.532594050137521,-6.7376962623618306,-4.1351451562496759,5.2051022122243094
1,A_Task-1,5,10,F3,4,6,10.635617969296318,51.24661738233376,30.94111767581504,-40.61099941303744
1,A_Task-1,5,10,F4,4,6,29.494709397606158,54.977628814113153,42.236169105859659,-25.482919416506995
1,A_Task-1,6,10,Fz,4,6,-6.2157870369383215,2.0327764899468912,-2.0915052734957151,-8.2485635268852135
1,A_Task-1,6,10,F3,4,6,1.3307602222431343,-16.419677107930085,-7.5444584428434753,17.75043733017322
1,A_Task-1,6,10,F4,4,6,2.5341170804683237,-22.125952530626535,-9.7959177250791054,24.660069611094858
1,A_Task-1,7,10,Fz,7,3,-6.0618914179739551,-8.9918378959634584,-7.5268646569687068,2.9299464779895033
1,A_Task-1,7,10,F3,7,3,-14.868751703283118,-30.326771804514802,-22.597761753898961,15.458020101231684
1,A_Task-1,7,10,F4,7,3,13.521302200326243,-29.588579531873886,-8.0336386657738217,43.10988173220013
1,A_Task-1,8,10,Fz,3,7,-0.4867970006181821,-8.4612349594044058,-4.474015980011294,7.9744379587862237
1,A_Task-1,8,10,F3,3,7,-13.113692360795076,21.003969357476702,3.9451384983408131,-34.117661718271776
1,A_Task-1,8,10,F4,3,7,-9.1585462048491451,9.1229384389491681,-0.01780388294998847,-18.281484643798315
1,A_Task-1,9,10,Fz,4,6,-10.65776422545998,-2.4193490866234675,-6.5385566560417239,-8.2384151388365119
1,A_Task-1,9,10,F3,4,6,-4.6213761379061005,-15.857969321286804,-10.239672729596453,11.236593183380704
1,A_Task-1,9,10,F4,4,6,-8.1450087530714441,-15.071584437705866,-11.608296595388655,6.9265756846344217
2,A_Task-2,0,10,Fz,6,4,-13.546076561271681,-11.917699850627105,-12.731888205949392,-1.6283767106445755
2,A_Task-2,0,10,F3,6,4,-8.0170316192662465,3.4742322622532544,-2.271399678506496,-11.491263881519501
2,A_Task-2,0,10,F4,6,4,-12.555814510262479,-2.4556768286564825,-7.5057456694594809,-10.100137681605997
2,A_Task-2,1,10,Fz,5,5,-26.626117062092863,10.816186317315706,-7.9049653723885784,-37.442303379408571
2,A_Task-2,1,10,F3,5,5,-26.233932651956827,34.072779223841856,3.9194232859425142,-60.306711875798683
2,A_Task-2,1,10,F4,5,5,-33.090253138343428,25.119724615662502,-3.985264261340463,-58.209977754005934
2,A_Task-2,2,10,Fz,4,6,-33.780251361029599,-33.869061534176438,-33.824656447603019,0.088810173146839588
2,A_Task-2,2,10,F3,4,6,286.70291362644934,-37.508696045421239,124.59710879051406,324.21160967187058
2,A_Task-2,2,10,F4,4,6,-46.783445856860787,-53.14352110894577,-49.963483482903278,6.3600752520849824
2,A_Task-2,3,10,Fz,6,4,-11.025200994506823,-33.733781359961249,-22.379491177234037,22.708580365454424
2,A_Task-2,3,10,F3,6,4,20.252530809541284,121.25564681381873,70.754088811680006,-101.00311600427744
2,A_Task-2,3,10,F4,6,4,-11.806226020009049,-44.724147725005579,-28.265186872507314,32.91792170499653
2,A_Task-2,4,10,Fz,8,2,-13.531765264058384,17.337090038672955,1.9026623873072852,-30.86885530273134
2,A_Task-2,4,10,F3,8,2,-4.2225398800508929,54.814192740010462,25.295826429979783,-59.036732620061358
2,A_Task-2,4,10,F4,8,2,-134.56334192477416,45.892999180968417,-44.335171371902874,-180.45634110574258
2,A_Task-2,5,10,Fz,3,7,22.040737537114747,-31.606634773896396,-4.7829486183908241,53.647372311011139
2,A_Task-2,5,10,F3,3,7,38.809927063371248,-15.349518959078479,11.730204052146384,54.159446022449728
2,A_Task-2,5,10,F4,3,7,67.404723777782664,-44.659669368332516,11.372527204725074,112.06439314611518
2,A_Task-2,6,10,Fz,6,4,-27.061900738315355,-52.345062572865871,-39.703481655590615,25.283161834550516
2,A_Task-2,6,10,F3,6,4,102.15043150424533,32.247773500959525,67.199102502602429,69.902658003285808
2,A_Task-2,6,10,F4,6,4,-32.427078052355121,-60.988213648270715,-46.707645850312915,28.561135595915594
2,A_Task-2,7,10,Fz,4,6,-31.887078647854327,-18.070046856455541,-24.978562752154936,-13.817031791398787
2,A_Task-2,7,10,F3,4,6,-30.270794363282565,72.848513146173403,21.28885939144542,-103.11930750945596
2,A_Task-2,7,10,F4,4,6,-30.112541760247822,14.099682809771613,-8.0064294752381038,-44.212224570019437
2,A_Task-2,8,10,Fz,6,4,-38.245536488933929,5.9518598170004875,-16.14683833596672,-44.197396305934419
2,A_Task-2,8,10,F3,6,4,-259.16108547366366,13.395735744055202,-122.88267486480423,-272.55682121771883
2,A_Task-2,8,10,F4,6,4,-32.790668370999072,13.750391975495045,-9.5201381977520132,-46.54106034649412
2,A_Task-2,9,10,Fz,9,1,-30.61519070757835,-35.632622985985947,-33.123906846782148,5.0174322784075969
2,A_Task-2,9,10,F3,9,1,-47.828469083423698,-42.249214470448436,-45.038841776936067,-5.5792546129752623
2,A_Task-2,9,10,F4,9,1,-41.387280435975725,-45.63218280649501,-43.509731621235368,4.2449023705192843
1,B_Task-1,0,10,Fz,6,4,0.24570217618730558,14.033413367568919,7.1395577718781125,-13.787711191381613
1,B_Task-1,0,10,F3,6,4,-4.3465434761072776,-41.921736593656689,-23.134140034881984,37.575193117549411
1,B_Task-1,0,10,F4,6,4,1.4902120811976101,-32.774004733335929,-15.641896326069158,34.26421681453354
1,B_Task-1,1,10,Fz,5,5,8.0359864991267109,-12.34034885380415,-2.1521811773387194,20.376335352930859
1,B_Task-1,1,10,F3,5,5,-49.172358184381238,35.722379470626976,-6.7249893568771313,-84.894737655008214
1,B_Task-1,1,10,F4,5,5,-20.541994353090779,58.391685188744461,18.924845417826841,-78.933679541835232
1,B_Task-1,2,10,Fz,1,9,29.034992335376099,-38.383557755291903,-4.6742827099579021,67.418550090668006
1,B_Task-1,2,10,F3,1,9,-69.350849689519592,-21.817182835677038,-45.584016262598311,-47.533666853842554
1,B_Task-1,2,10,F4,1,9,-5.940632814099696,-25.779423779955081,-15.860028297027389,19.838790965855384
1,B_Task-1,3,10,Fz,6,4,-269.28488656688,-10.387953855700275,-139.83642021129015,-258.89693271117972
1,B_Task-1,3,10,F3,6,4,-20.189937968956496,9.4537229931803193,-5.3681074878880883,-29.643660962136813
1,B_Task-1,3,10,F4,6,4,-7.1862930969763807,6.1121599003600311,-0.53706659830817483,-13.298452997336412
1,B_Task-1,4,10,Fz,4,6,-44.810918968979287,5.4949334385288537,-19.657992765225217,-50.305852407508141
1,B_Task-1,4,10,F3,4,6,-24.022245466152913,-27.257278898657432,-25.639762182405171,3.2350334325045189
1,B_Task-1,4,10,F4,4,6,22.396978701624914,-30.563689564584703,-4.0833554314798945,52.960668266209616
1,B_Task-1,5,10,Fz,3,7,-449.98203158810151,26.850481537640039,-211.56577502523072,-476.83251312574157
1,B_Task-1,5,10,F3,3,7,-8.9314002274918014,12.739660892508693,1.904130332508446,-21.671061120000495
1,B_Task-1,5,10,F4,3,7,-11.399610025747746,-7.9617641823361378,-9.680687104041942,-3.4378458434116084
1,B_Task-1,6,10,Fz,7,3,-13.878240343694314,69.052016465068917,27.586888060687301,-82.930256808763232
1,B_Task-1,6,10,F3,7,3,7.2125078253433577,2.4439371881642025,4.8282225067537805,4.7685706371791552
1,B_Task-1,6,10,F4,7,3,5.8104917543887993,-1.880466880599166,1.9650124368948165,7.6909586349879655
1,B_Task-1,7,10,Fz,6,4,-14.314710430394067,2.3452305238649021,-5.9847399532645822,-16.659940954258968
1,B_Task-1,7,10,F3,6,4,14.133248538288997,20.68229988291818,17.407774210603588,-6.5490513446291825
1,B_Task-1,7,10,F4,6,4,-6.3720931559951088,27.651381943162697,10.639644393583794,-34.023475099157807
1,B_Task-1,8,10,Fz,7,3,2.6346744713342329,180.75885460628774,91.696764538810982,-178.12418013495352
1,B_Task-1,8,10,F3,7,3,-22.987409721251414,26.152980873904479,1.5827855763265326,-49.140390595155893
1,B_Task-1,8,10,F4,7,3,-15.254758088754718,8.2554711669872116,-3.4996434608837532,-23.51022925574193
1,B_Task-1,9,10,Fz,3,7,-14.387194904557335,-80.22920307167081,-47.308198988114071,65.842008167113477
1,B_Task-1,9,10,F3,3,7,16.103738238115643,-17.277912154686053,-0.58708695828520518,33.381650392801696
1,B_Task-1,9,10,F4,3,7,7.3973790040177363,-8.7794371740264587,-0.69102908500436122,16.176816178044195
2,B_Task-2,0,10,Fz,5,5,-6.2750906205391983,-16.274693766584925,-11.274892193562062,9.9996031460457253
2,B_Task-2,0,10,F3,5,5,66.92209181443809,-15.018902194658954,25.951594809889567,81.940994009097039
2,B_Task-2,0,10,F4,5,5,147.95070243174013,10.628209483142751,79.289455957441433,137.32249294859739
2,B_Task-2,1,10,Fz,2,8,-65.095930004408075,-26.383815386314776,-45.739872695361427,-38.712114618093295
2,B_Task-2,1,10,F3,2,8,106.19934487842679,-43.696985707254484,31.251179585586151,149.89633058568126
2,B_Task-2,1,10,F4,2,8,120.318422453656,122.52465022359428,121.42153633862515,-2.2062277699382804
2,B_Task-2,2,10,Fz,6,4,-20.611174137422406,-47.134370338179053,-33.872772237800731,26.523196200756647
2,B_Task-2,2,10,F3,6,4,-37.00470482180782,-33.868738066486344,-35.436721444147082,-3.1359667553214763
2,B_Task-2,2,10,F4,6,4,-303.7282463653541,-46.079765810091693,-174.90400608772291,-257.64848055526238
2,B_Task-2,3,10,Fz,3,7,-3.6175855785084479,-32.650761687706201,-18.134173633107324,29.033176109197754
2,B_Task-2,3,10,F3,3,7,-3.9888907394358881,-33.288855329786131,-18.638873034611009,29.299964590350243
2,B_Task-2,3,10,F4,3,7,-10.794380240539942,-56.787558168756163,-33.79096920464805,45.99317792821622
2,B_Task-2,4,10,Fz,6,4,-25.931171385149387,-13.614840765427022,-19.773006075288205,-12.316330619722365
2,B_Task-2,4,10,F3,6,4,-111.1903879743178,-24.279044663368794,-67.734716318843297,-86.911343310949007
2,B_Task-2,4,10,F4,6,4,-178.15366252640692,-14.097165607158516,-96.125414066782724,-164.05649691924839
2,B_Task-2,5,10,Fz,7,3,-51.591941332758516,-60.979806849034958,-56.285874090896741,9.3878655162764417
2,B_Task-2,5,10,F3,7,3,-76.716468644887826,519.18341443344286,221.23347289427753,-595.89988307833073
2,B_Task-2,5,10,F4,7,3,-94.537814863326147,295.72326771575734,100.59272642621559,-390.26108257908351
2,B_Task-2,6,10,Fz,5,5,-14.164585362600508,-22.444646786686093,-18.304616074643299,8.2800614240855843
2,B_Task-2,6,10,F3,5,5,-19.629648049393229,-11.139494896946223,-15.384571473169725,-8.4901531524470055
2,B_Task-2,6,10,F4,5,5,-27.852369025727029,26.816004453319561,-0.51818228620373397,-54.668373479046593
2,B_Task-2,7,10,Fz,5,5,-29.482911276647354,-45.48154446100822,-37.482227868827785,15.998633184360866
2,B_Task-2,7,10,F3,5,5,-1.6109533116946182,-53.782196159557103,-27.696574735625859,52.171242847862487
2,B_Task-2,7,10,F4,5,5,5.582963842308331,-71.813819505711692,-33.11542783170168,77.396783348020023
2,B_Task-2,8,10,Fz,5,5,40.525873226849072,-18.704176401657953,10.910848412595559,59.230049628507025
2,B_Task-2,8,10,F3,5,5,241.49806415257279,-2.8513116873104094,119.32337623263119,244.34937583988321
2,B_Task-2,8,10,F4,5,5,133.28017436557326,-14.030321934359359,59.624926215606948,147.31049629993262
2,B_Task-2,9,10,Fz,6,4,-23.95996805458438,-33.978296216533678,-28.969132135559029,10.018328161949299
2,B_Task-2,9,10,F3,6,4,-17.847890233751873,-61.735632897085281,-39.791761565418575,43.887742663333412
2,B_Task-2,9,10,F4,6,4,-35.452476465548976,-46.390709283511491,-40.921592874530234,10.938232817962515
1,A_Task-1,0,5,Fz,3,2,-12.770183145896661,2.210810834748739,-5.2796861555739607,-14.980993980645401
1,A_Task-1,0,5,F3,3,2,-68.608313980042965,6.0832852143648068,-31.262514382839079,-74.691599194407772
1,A_Task-1,0,5,F4,3,2,-78.605548570414498,17.963146733158506,-30.321200918627994,-96.568695303573008
1,A_Task-1,1,5,Fz,3,2,3.9132960657620757,4.2687492128901727,4.0910226393261242,-0.35545314712809706
1,A_Task-1,1,5,F3,3,2,-5.6243841255665599,6.1221903464735199,0.24890311045348001,-11.746574472040081
1,A_Task-1,1,5,F4,3,2,-11.149906865469504,7.4796085327161315,-1.8351491663766861,-18.629515398185635
1,A_Task-1,2,5,Fz,2,3,-1.1309633826957559,3.1081837065480702,0.98861016192615714,-4.2391470892438257
1,A_Task-1,2,5,F3,2,3,-49.803687019333317,-0.6529542748469197,-25.228320647090118,-49.150732744486398
1,A_Task-1,2,5,F4,2,3,-28.397595566632695,-6.0043168263482265,-17.200956196490459,-22.393278740284469
1,A_Task-1,3,5,Fz,3,2,-3.471202690503572,8.0973433658066085,2.313070337651518,-11.568546056310181
1,A_Task-1,3,5,F3,3,2,4.0983371737446461,-14.741943806812749,-5.3218033165340515,18.840280980557395
1,A_Task-1,3,5,F4,3,2,-5.581892667732518,5.8764168223218691,0.14726207729467555,-11.458309490054386
1,A_Task-1,4,5,Fz,4,1,5.0512890296592383,4.8497956500280024,4.9505423398436204,0.20149337963123592
1,A_Task-1,4,5,F3,4,1,-2.0598216627350192,-84.598503653844048,-43.329162658289533,82.53868199110903
1,A_Task-1,4,5,F4,4,1,-10.691240673613571,-94.467070682808796,-52.57915567821118,83.775830009195232
1,A_Task-1,5,5,Fz,3,2,28.063287039972622,14.540485650954494,21.301886345463558,13.522801389018127
1,A_Task-1,5,5,F3,3,2,35.575453549069451,-65.669143206727725,-15.046844828829137,101.24459675579718
1,A_Task-1,5,5,F4,3,2,41.381028866883909,-77.892454597595588,-18.255712865355839,119.2734834644795
1,A_Task-1,6,5,Fz,2,3,2.6983342632608127,10.461610596775099,6.5799724300179561,-7.7632763335142858
1,A_Task-1,6,5,F3,2,3,5.8444896269558377,3.8126948275295796,4.8285922272427086,2.0317947994262582
1,A_Task-1,6,5,F4,2,3,13.710995977152322,15.675198182869588,14.693097080010954,-1.9642022057172657
1,A_Task-1,8,5,Fz,3,2,-2.5872081460091607,-3.2330165311138543,-2.9101123385615075,0.64580838510469363
1,A_Task-1,8,5,F3,3,2,-23.515906717992163,6.301323860842917,-8.6072914285746229,-29.81723057883508
1,A_Task-1,8,5,F4,3,2,-22.059448486915997,31.692717373746142,4.8166344434150723,-53.752165860662139
1,A_Task-1,9,5,Fz,4,1,-3.656311717109058,-0.37023050929265844,-2.0132711132008581,-3.2860812078163995
1,A_Task-1,9,5,F3,4,1,6.6065798683791686,-5.1369611986299661,0.73480933487460121,11.743541067009135
1,A_Task-1,9,5,F4,4,1,-7.6395816762910513,-1.7825274046222543,-4.7110545404566526,-5.8570542716687974
1,A_Task-1,10,5,Fz,1,4,-19.374626291400229,-8.6342111328579261,-14.004418712129077,-10.740415158542303
1,A_Task-1,10,5,F3,1,4,39.649447957589892,80.849278451973404,60.249363204781645,-41.199830494383512
1,A_Task-1,10,5,F4,1,4,143.45064353904672,86.49008844448484,114.97036599176579,56.960555094561883
1,A_Task-1,11,5,Fz,3,2,4.4147500302833818,-2.9446665213696401,0.73504175445687081,7.3594165516530214
1,A_Task-1,11,5,F3,3,2,0.96434130653179173,-7.9587047569455356,-3.4971817252068718,8.9230460634773276
1,A_Task-1,11,5,F4,3,2,-8.4906019828740238,-8.0472904466302122,-8.268946214752118,-0.44331153624381159
1,A_Task-1,12,5,Fz,2,3,-3.9934973790810462,5.2776630583656869,0.64208283964232038,-9.2711604374467331
1,A_Task-1,12,5,F3,2,3,5.5987487588171394,-21.11384463956243,-7.7575479403726453,26.712593398379568
1,A_Task-1,12,5,F4,2,3,2.3963630021057774,-29.639802196337929,-13.621719597116076,32.036165198443705
1,A_Task-1,13,5,Fz,2,3,-8.4380766947955976,-1.2121100784719048,-4.8250933866337515,-7.2259666163236931
1,A_Task-1,13,5,F3,2,3,-2.9372283143308708,-11.725509576297739,-7.3313689453143045,8.7882812619668691
1,A_Task-1,13,5,F4,2,3,2.6718711588308697,-14.612102864915142,-5.9701158530421363,17.283974023746012
1,A_Task-1,14,5,Fz,3,2,-1.8618433022127687,-11.97695752370057,-6.9194004129566693,10.115114221487801
1,A_Task-1,14,5,F3,3,2,-0.10624622308879704,-39.162539323576212,-19.634392773332504,39.056293100487416
1,A_Task-1,14,5,F4,3,2,12.138253721130203,-34.004521730206825,-10.93313400453831,46.14277545133703
1,A_Task-1,15,5,Fz,4,1,-9.211927504794847,-3.0215986404892359,-6.1167630726420414,-6.1903288643056111
1,A_Task-1,15,5,F3,4,1,-25.940630813428861,-12.655236766391976,-19.297933789910417,-13.285394047036885
1,A_Task-1,15,5,F4,4,1,14.558588559723272,-20.756695135207998,-3.0990532877423629,35.315283694931267
1,A_Task-1,16,5,Fz,3,2,-0.4867970006181821,-4.0938926690076549,-2.2903448348129185,3.6070956683894728
1,A_Task-1,16,5,F3,3,2,-13.113692360795076,-19.864658973100831,-16.489175666947954,6.7509666123057546
1,A_Task-1,16,5,F4,3,2,-9.1585462048491451,-23.081519478914501,-16.120032841881823,13.922973274065356
1,A_Task-1,18,5,Fz,2,3,-11.469739619680213,-7.1563854022139211,-9.3130625109470664,-4.3133542174662924
1,A_Task-1,18,5,F3,2,3,-27.057445555187854,-6.2624134854257676,-16.659929520306811,-20.795032069762087
1,A_Task-1,18,5,F4,2,3,-17.721765804766608,-5.3661653458927141,-11.543965575329661,-12.355600458873894
1,A_Task-1,19,5,Fz,2,3,-9.8457888312397461,2.3176872289669865,-3.7640508011363796,-12.163476060206733
1,A_Task-1,19,5,F3,2,3,17.814693279375653,-25.45352515714784,-3.8194159388860935,43.268218436523497
1,A_Task-1,19,5,F4,2,3,1.431748298623722,-24.777003529519018,-11.672627615447649,26.208751828142738
2,A_Task-2,0,5,Fz,3,2,-2.8344282257763553,-0.47888416046192755,-1.6566561931191415,-2.3555440653144277
2,A_Task-2,0,5,F3,3,2,-13.151380424910471,40.690915518044299,13.769767546566914,-53.84229594295477
2,A_Task-2,0,5,F4,3,2,-5.3164725203759335,29.405576744948082,12.044552112286073,-34.722049265324017
2,A_Task-2,1,5,Fz,3,2,-24.257724896767005,-23.35651554079228,-23.807120218779644,-0.90120935597472496
2,A_Task-2,1,5,F3,3,2,-2.8826828136220257,-33.742450993537794,-18.31256690357991,30.859768179915768
2,A_Task-2,1,5,F4,3,2,-19.795156500149023,-34.316930402261043,-27.056043451205035,14.52177390211202
2,A_Task-2,2,5,Fz,2,3,-39.261015935308052,9.6029965931277594,-14.829009671090146,-48.864012528435808
2,A_Task-2,2,5,F3,2,3,-38.37406780034808,46.85238579598677,4.2391589978193451,-85.226453596334849
2,A_Task-2,2,5,F4,2,3,-55.767106525806973,32.032850884374703,-11.867127820716135,-87.799957410181676
2,A_Task-2,3,5,Fz,3,2,-18.202851146616073,12.635970903597622,-2.7834401215092255,-30.838822050213693
2,A_Task-2,3,5,F3,3,2,-18.140509219695993,14.903369365624485,-1.6185699270357539,-33.043878585320478
2,A_Task-2,3,5,F4,3,2,-17.972350880034398,14.750035212594213,-1.6111578337200925,-32.722386092628611
2,A_Task-2,4,5,Fz,2,3,-64.720005224456713,-28.050459711422146,-46.385232467939431,-36.669545513034564
2,A_Task-2,4,5,F3,2,3,-59.567156569942618,-39.558455224110922,-49.56280589702677,-20.008701345831696
2,A_Task-2,4,5,F4,2,3,-73.06909416517945,-53.01464816962914,-63.041871167404295,-20.05444599555031
2,A_Task-2,5,5,Fz,2,3,-2.8404974976024935,-39.687663356930727,-21.26408042726661,36.847165859328236
2,A_Task-2,5,5,F3,2,3,632.97298382284123,-35.45893686673157,298.7570234780548,668.43192068957285
2,A_Task-2,5,5,F4,2,3,-20.497797548542131,-53.272394048262392,-36.885095798402261,32.774596499720261
2,A_Task-2,6,5,Fz,4,1,-17.744799256394607,-156.16276623257133,-86.953782744482965,138.41796697617673
2,A_Task-2,6,5,F3,4,1,26.144653333198516,55.027212852879074,40.585933093038797,-28.882559519680559
2,A_Task-2,6,5,F4,4,1,-24.754159911116087,-210.23226706311087,-117.49321348711348,185.47810715199478
2,A_Task-2,7,5,Fz,2,3,2.4139955292687469,7.0758802642421088,4.7449378967554274,-4.6618847349733619
2,A_Task-2,7,5,F3,2,3,8.4682857622268202,143.33179146746528,75.900038614846054,-134.86350570523845
2,A_Task-2,7,5,F4,2,3,14.089641762205028,10.445225387696183,12.267433574950605,3.6444163745088449
2,A_Task-2,9,5,Fz,3,2,-3.4735886633092261,17.337090038672955,6.9317506876818644,-20.81067870198218
2,A_Task-2,9,5,F3,3,2,-9.1219980845601558,54.814192740010462,22.846097327725154,-63.936190824570616
2,A_Task-2,9,5,F4,3,2,-5.8333015209779155,45.892999180968417,20.029848829995252,-51.726300701946329
2,A_Task-2,10,5,Fz,3,2,22.040737537114747,-23.693043807329367,-0.82615313510730992,45.733781344444111
2,A_Task-2,10,5,F3,3,2,38.809927063371248,-36.61913574594972,1.0953956587107641,75.429062809320968
2,A_Task-2,10,5,F4,3,2,67.404723777782664,-39.562283785037394,13.921219996372635,106.96700756282006
2,A_Task-2,12,5,Fz,3,2,-19.082792710988482,-61.213089057874278,-40.147940884431378,42.1302963468858
2,A_Task-2,12,5,F3,3,2,245.13518940033342,45.213603242288755,145.17439632131109,199.92158615804465
2,A_Task-2,12,5,F4,3,2,-16.505816554814313,-95.800457148610036,-56.153136851712176,79.294640593795719
2,A_Task-2,13,5,Fz,3,2,-35.041008765642225,-43.477036087857456,-39.259022426749837,8.4360273222152315
2,A_Task-2,13,5,F3,3,2,-40.83432639184273,19.281943759630295,-10.776191316106217,-60.116270151473024
2,A_Task-2,13,5,F4,3,2,-48.34833954989594,-26.175970147931388,-37.262154848913667,-22.172369401964552
2,A_Task-2,14,5,Fz,1,4,-58.266126386109789,-16.563348206020137,-37.414737296064963,-41.702778180089652
2,A_Task-2,14,5,F3,1,4,-48.038508408255041,-26.501278708632039,-37.269893558443542,-21.537229699623001
2,A_Task-2,14,5,F4,1,4,-65.24154043334913,-38.725789649870777,-51.983665041609953,-26.515750783478353
2,A_Task-2,15,5,Fz,3,2,-23.094062735102508,-21.083444157326351,-22.088753446214429,-2.0106185777761567
2,A_Task-2,15,5,F3,3,2,-24.348223014958403,271.54809685578425,123.59993692041293,-295.89631987074267
2,A_Task-2,15,5,F4,3,2,-18.402875535880721,119.75062772905639,50.673876096587833,-138.15350326493711
2,A_Task-2,16,5,Fz,2,3,-105.91023365325866,0.55627815914659828,-52.676977747056029,-106.46651181240526
2,A_Task-2,16,5,F3,2,3,-139.72810960521409,-31.637586004698409,-85.682847804956253,-108.09052360051568
2,A_Task-2,16,5,F4,2,3,-149.46706626430711,-7.5883353353267609,-78.527700799816927,-141.87873092898036
2,A_Task-2,17,5,Fz,4,1,-4.4131879067715776,22.138604790562155,8.8627084418952897,-26.551792697333731
2,A_Task-2,17,5,F3,4,1,-318.87757340788846,148.49570099031604,-85.190936208786212,-467.3732743982045
2,A_Task-2,17,5,F4,4,1,25.547530575654939,77.766573907960463,51.657052241807705,-52.219043332305525
2,A_Task-2,18,5,Fz,4,1,-50.415833202162993,-35.632622985985947,-43.024228094074473,-14.783210216177046
2,A_Task-2,18,5,F3,4,1,-86.08027922262167,-42.249214470448436,-64.164746846535053,-43.831064752173234
2,A_Task-2,18,5,F4,4,1,-64.174014675994556,-45.63218280649501,-54.903098741244783,-18.541831869499546
1,B_Task-1,0,5,Fz,3,2,3.7580489791044891,-6.3446704750771614,-1.2933107479863362,10.102719454181651
1,B_Task-1,0,5,F3,3,2,-9.1443667242890729,-10.001643195551114,-9.5730049599200946,0.85727647126204154
1,B_Task-1,0,5,F4,3,2,0.23464612453677494,-10.40450001024869,-5.0849269428559571,10.639146134785465
1,B_Task-1,1,5,Fz,3,2,-3.2666446267298781,34.411497210215003,15.572426291742563,-37.678141836944882
1,B_Task-1,1,5,F3,3,2,0.45127977207451853,-73.841829991762268,-36.695275109843877,74.293109763836782
1,B_Task-1,1,5,F4,3,2,2.7457780378584453,-55.143509456423175,-26.198865709282366,57.889287494281618
1,B_Task-1,2,5,Fz,2,3,-9.3260597774202143,-14.624200437664244,-11.975130107542229,5.2981406602440302
1,B_Task-1,2,5,F3,2,3,-1.8429253784367345,48.917227947897366,23.537151284730317,-50.760153326334098
1,B_Task-1,2,5,F4,2,3,-16.302422281735499,90.631278693758816,37.164428206011657,-106.93370097549432
1,B_Task-1,3,5,Fz,3,2,19.61068401682466,-8.9145714780140093,5.3480562694053253,28.525255494838667
1,B_Task-1,3,5,F3,3,2,-80.725313388344247,15.930106754721397,-32.397603316811427,-96.655420143065641
1,B_Task-1,3,5,F4,3,2,-23.368375733994295,10.032294931222916,-6.6680404013856895,-33.400670665217213
1,B_Task-1,5,5,Fz,1,4,29.034992335376099,-10.185526234070341,9.424733050652879,39.22051856944644
1,B_Task-1,5,5,F3,1,4,-69.350849689519592,-24.469054907672124,-46.909952298595854,-44.881794781847468
1,B_Task-1,5,5,F4,1,4,-5.940632814099696,-42.458263303466715,-24.199448058783204,36.517630489367022
1,B_Task-1,6,5,Fz,3,2,10.744252597022166,-13.766018751225289,-1.5108830771015613,24.510271348247457
1,B_Task-1,6,5,F3,3,2,-7.1461386962743916,13.418063705607841,3.1359625046667245,-20.564202401882234
1,B_Task-1,6,5,F4,3,2,-7.0927325922075051,3.1410781892674979,-1.9758272014700036,-10.233810781475004
1,B_Task-1,7,5,Fz,3,2,-549.31402573078219,-7.0098889601752585,-278.1619573454787,-542.30413677060699
1,B_Task-1,7,5,F3,3,2,-33.2337372416386,5.4893822807527988,-13.8721774804429,-38.7231195223914
1,B_Task-1,7,5,F4,3,2,-7.2798536017452546,9.0832416114525643,0.90169400485365481,-16.36309521319782
1,B_Task-1,8,5,Fz,1,4,9.8143797379871085,7.1081052956982003,8.4612425168426544,2.7062744422889082
1,B_Task-1,8,5,F3,1,4,8.4314562329690368,-31.500968642922913,-11.534756204976938,39.932424875891954
1,B_Task-1,8,5,F4,1,4,0.87207662246310835,-20.017709822175448,-9.5728165998561696,20.889786444638556
1,B_Task-1,9,5,Fz,3,2,-63.019351871301417,2.268589724190158,-30.37538107355563,-65.287941595491574
1,B_Task-1,9,5,F3,3,2,-34.840146032526896,-18.76989941012647,-26.805022721326683,-16.070246622400425
1,B_Task-1,9,5,F4,3,2,29.571946061345514,-51.655649049403202,-11.041851494028844,81.227595110748723
1,B_Task-1,10,5,Fz,2,3,-664.6082398260728,6.0863633885453554,-329.26093821876373,-670.69460321461816
1,B_Task-1,10,5,F3,2,3,-18.924557923702771,7.4091941124756788,-5.7576819056135466,-26.333752036178449
1,B_Task-1,10,5,F4,2,3,-23.185287813598457,-11.503501954582889,-17.344394884090672,-11.681785859015568
1,B_Task-1,11,5,Fz,1,4,-20.729615112158875,42.42357014946105,10.846977518651087,-63.153185261619925
1,B_Task-1,11,5,F3,1,4,11.05491516493014,16.737510977533454,13.896213071231797,-5.6825958126033136
1,B_Task-1,11,5,F4,1,4,12.171745549953675,-5.3054608531510743,3.4331423484013004,17.477206403104748
1,B_Task-1,12,5,Fz,4,1,1.5197186093937156,198.9459990305229,100.23285881995831,-197.42628042112918
1,B_Task-1,12,5,F3,4,1,-0.32846800331435588,18.131071579844658,8.9013017882651511,-18.459539583159014
1,B_Task-1,12,5,F4,4,1,10.14351066819367,17.805473824608995,13.974492246401333,-7.6619631564153252
1,B_Task-1,13,5,Fz,3,2,-34.408852281145023,4.105025182341917,-15.151913549401552,-38.513877463486942
1,B_Task-1,13,5,F3,3,2,17.267142263553641,-5.3996300076760253,5.9337561279388078,22.666772271229668
1,B_Task-1,13,5,F4,3,2,0.033133202648971384,-11.723437233203246,-5.8451520152771375,11.756570435852217
1,B_Task-1,14,5,Fz,2,3,-3.363188165743729,5.7412551952151398,1.1890335147357054,-9.104443360958868
1,B_Task-1,14,5,F3,2,3,10.332483627207736,39.401648588226102,24.867066107716919,-29.069164961018366
1,B_Task-1,14,5,F4,2,3,-3.4230478272393805,47.885992459357801,22.231472316059211,-51.309040286597181
1,B_Task-1,15,5,Fz,4,1,-19.79047156271924,-7.8428434901858122,-13.816657526452527,-11.947628072533428
1,B_Task-1,15,5,F3,4,1,16.033630993829629,-35.475746233005587,-9.7210576195879792,51.509377226835213
1,B_Task-1,15,5,F4,4,1,-7.8466158203729695,-33.052449605422623,-20.449532712897796,25.205833785049656
1,B_Task-1,16,5,Fz,3,2,-5.6207360096273353,-32.308369032678861,-18.964552521153099,26.687633023051525
1,B_Task-1,16,5,F3,3,2,-20.848845831710609,-3.6428693097121423,-12.245857570711376,-17.205976521998466
1,B_Task-1,16,5,F4,3,2,-9.9492375984739798,5.8590386162558712,-2.0450994911090543,-15.808276214729851
1,B_Task-1,17,5,Fz,4,1,8.8262323320554099,606.89330188422093,307.85976710813816,-598.06706955216555
1,B_Task-1,17,5,F3,4,1,-24.591332638407017,85.744681241137712,30.576674301365347,-110.33601387954474
1,B_Task-1,17,5,F4,4,1,-19.233898456465276,13.048336268449891,-3.0927810940076927,-32.28223472491517
1,B_Task-1,18,5,Fz,2,3,-6.6264407863918322,-173.65767090902625,-90.142055847709045,167.03123012263441
1,B_Task-1,18,5,F3,2,3,-3.5356810615243752,-41.604179797924594,-22.569930429724486,38.068498736400215
1,B_Task-1,18,5,F4,2,3,-8.7383270908566821,-35.366174571361277,-22.052250831108978,26.627847480504595
1,B_Task-1,19,5,Fz,1,4,-29.908703140888342,-10.157852193654239,-20.033277667271292,-19.750850947234103
1,B_Task-1,19,5,F3,1,4,55.382576837395682,0.96678857774285687,28.174682707569268,54.415788259652828
1,B_Task-1,19,5,F4,1,4,39.668791193766573,11.160615873974653,25.414703533870615,28.508175319791921
2,B_Task-2,0,5,Fz,4,1,-2.4186093809820002,-35.609538093279696,-19.014073737130847,33.190928712297698
2,B_Task-2,0,5,F3,4,1,29.011368949923384,-53.293656405839485,-12.141143727958051,82.305025355762865
2,B_Task-2,0,5,F4,4,1,45.623128332288182,-51.604100196695626,-2.9904859322037218,97.227228528983801
2,B_Task-2,1,5,Fz,1,4,-21.70101557876799,-11.44098268491123,-16.57099913183961,-10.26003289385676
2,B_Task-2,1,5,F3,1,4,218.5649832724969,-5.4502136418638214,106.55738481531654,224.01519691436073
2,B_Task-2,1,5,F4,1,4,557.26099882954793,26.186286903102339,291.72364286632512,531.07471192644562
2,B_Task-2,3,5,Fz,2,3,-65.095930004408075,-14.677614385582432,-39.886772194995253,-50.418315618825645
2,B_Task-2,3,5,F3,2,3,106.19934487842679,-45.869994538849539,30.164675169788623,152.06933941727632
2,B_Task-2,3,5,F4,2,3,120.318422453656,438.16046778572337,279.23944511968966,-317.84204533206736
2,B_Task-2,4,5,Fz,3,2,-6.3859974295518311,-48.475094095199623,-27.430545762375726,42.089096665647794
2,B_Task-2,4,5,F3,3,2,2.997649902805184,-41.525235659032553,-19.263792878113684,44.522885561837739
2,B_Task-2,4,5,F4,3,2,-548.24153918445836,-69.644843634262969,-308.94319140936068,-478.59669555019536
2,B_Task-2,5,5,Fz,3,2,-34.836350845292976,-45.793646581158491,-40.314998713225734,10.957295735865515
2,B_Task-2,5,5,F3,3,2,-77.00705954642082,-26.212240473940142,-51.609650010180481,-50.794819072480678
2,B_Task-2,5,5,F4,3,2,-59.214953546249774,-22.514687985920418,-40.864820766085096,-36.700265560329356
2,B_Task-2,6,5,Fz,1,4,8.6702382343312934,-35.31832175913172,-13.324041762400213,43.988559993463014
2,B_Task-2,6,5,F3,1,4,-69.214968562774501,-47.05766859259154,-58.136318577683021,-22.157299970182962
2,B_Task-2,6,5,F4,1,4,7.5500897461258552,-75.476122195182569,-33.96301622452836,83.026211941308418
2,B_Task-2,7,5,Fz,2,3,-9.7614974849283183,-29.09401492580551,-19.427756205366915,19.33251744087719
2,B_Task-2,7,5,F3,2,3,28.624148172233419,-14.93043764604557,6.8468552630939241,43.554585818278987
2,B_Task-2,7,5,F4,2,3,-19.966615233872837,-31.869472800187609,-25.918044017030223,11.902857566314772
2,B_Task-2,8,5,Fz,3,2,-24.318689821419156,3.2081859657249474,-10.555251927847104,-27.526875787144103
2,B_Task-2,8,5,F3,3,2,-220.03423708855223,29.81665027452992,-95.108793407011149,-249.85088736308217
2,B_Task-2,8,5,F4,3,2,-154.26586668502802,18.811532607177135,-67.727167038925444,-173.07739929220514
2,B_Task-2,9,5,Fz,3,2,-27.543652948879622,-30.437867496578992,-28.990760222729307,2.8942145476993701
2,B_Task-2,9,5,F3,3,2,-2.3465388600833847,-78.374739601267507,-40.360639230675446,76.028200741184122
2,B_Task-2,9,5,F4,3,2,-202.04145836778582,-47.005863821494167,-124.52366109463999,-155.03559454629166
2,B_Task-2,10,5,Fz,2,3,-63.666684306494176,-60.979806849034958,-62.323245577764567,-2.686877457459218
2,B_Task-2,10,5,F3,2,3,-83.724808704007643,519.18341443344286,217.72930286471762,-602.90822313745048
2,B_Task-2,10,5,F4,2,3,-107.17953279534457,295.72326771575734,94.27186746020638,-402.90280051110193
2,B_Task-2,12,5,Fz,3,2,-34.340004448752332,-17.046077184908949,-25.693040816830639,-17.293927263843383
2,B_Task-2,12,5,F3,3,2,-41.547513128740292,-10.943425297759054,-26.245469213249674,-30.604087830981236
2,B_Task-2,12,5,F4,3,2,-59.087571173749694,-4.4044659435208189,-31.746018558635257,-54.683105230228875
2,B_Task-2,13,5,Fz,2,3,16.098543266627225,-26.043693187870854,-4.9725749606218148,42.142236454498075
2,B_Task-2,13,5,F3,2,3,13.247149569627366,-11.270207963071007,0.98847080327817949,24.517357532698373
2,B_Task-2,13,5,F4,2,3,19.000434196306976,47.629651384546484,33.31504279042673,-28.629217188239508
2,B_Task-2,14,5,Fz,2,3,-54.37246467733069,-55.321028378689221,-54.846746528009959,0.94856370135853041
2,B_Task-2,14,5,F3,2,3,-68.97488899288814,-52.480679683178558,-60.727784338033345,-16.494209309709582
2,B_Task-2,14,5,F4,2,3,-73.992981308396764,-78.027093061496515,-76.01003718494664,4.0341117530997508
2,B_Task-2,15,5,Fz,3,2,-12.889875676191798,-30.722318584486722,-21.806097130339261,17.832442908294922
2,B_Task-2,15,5,F3,3,2,43.298337142434399,-55.734470874124902,-6.2180668658452518,99.032808016559301
2,B_Task-2,15,5,F4,3,2,58.633593942778397,-62.493909172034463,-1.9301576146280333,121.12750311481287
2,B_Task-2,16,5,Fz,3,2,117.05598056572619,-3.8506417310710819,56.602669417327554,120.90662229679727
2,B_Task-2,16,5,F3,3,2,451.10232467588753,12.379433558638187,231.74087911726286,438.72289111724933
2,B_Task-2,16,5,F4,3,2,307.34809638252966,-5.4197510046045663,150.96417268896255,312.76784738713422
2,B_Task-2,17,5,Fz,2,3,-74.269287781466602,-28.606532848715869,-51.437910315091237,-45.66275493275073
2,B_Task-2,17,5,F3,2,3,-72.908326632399394,-13.005141851276141,-42.956734241837765,-59.903184781123251
2,B_Task-2,17,5,F4,2,3,-127.82170865986133,-19.770702554195889,-73.796205607028611,-108.05100610566544
2,B_Task-2,18,5,Fz,3,2,-48.041626148045303,-9.903129207983568,-28.972377678014436,-38.138496940061735
2,B_Task-2,18,5,F3,3,2,-43.96633785655672,-19.580957278002195,-31.773647567279458,-24.385380578554525
2,B_Task-2,18,5,F4,3,2,-63.808810908175587,-16.607312600699217,-40.208061754437402,-47.201498307476371
2,B_Task-2,19,5,Fz,3,2,0.1216900388765388,-58.053463225083782,-28.965886593103622,58.175153263960318
2,B_Task-2,19,5,F3,3,2,8.2705573890529767,-103.89030851616836,-47.809875563557689,112.16086590522134
2,B_Task-2,19,5,F4,3,2,-7.0961420229223604,-76.174105966323765,-41.635123994623065,69.0779639434014
1,A_Task-1,0,20,Fz,11,9,-3.5678360070278172,4.2753731051705834,0.35376854907138311,-7.8432091121984007
1,A_Task-1,0,20,F3,11,9,-28.182768803114655,-0.78131103516551192,-14.482039919140083,-27.401457767949143
1,A_Task-1,0,20,F4,11,9,-31.164294131283178,4.9583770774831484,-13.102958526900014,-36.122671208766327
1,A_Task-1,1,20,Fz,14,6,8.547896857794079,10.88593312371038,9.7169149907522296,-2.3380362659163012
1,A_Task-1,1,20,F3,14,6,38.00870638400697,-34.083117597451796,1.9627943932775871,72.091823981458759
1,A_Task-1,1,20,F4,14,6,32.242509600069646,-33.871064221565199,-0.81427731074777654,66.113573821634844
1,A_Task-1,2,20,Fz,11,9,-2.5924770460921636,-5.2513823495212613,-3.9219296978067124,2.6589053034290977
1,A_Task-1,2,20,F3,11,9,-0.1435389821158666,34.993932313006489,17.425196665445313,-35.137471295122353
1,A_Task-1,2,20,F4,11,9,1.9311059476829511,43.496520025283218,22.713812986483084,-41.565414077600266
1,A_Task-1,3,20,Fz,11,9,-6.1178534612337252,-1.6420949720232254,-3.8799742166284754,-4.4757584892104996
1,A_Task-1,3,20,F3,11,9,-8.9780200940008452,-21.055375340124989,-15.016697717062918,12.077355246124144
1,A_Task-1,3,20,F4,11,9,9.5259621567415458,-24.613494864375653,-7.5437663538170536,34.139457021117195
1,A_Task-1,4,20,Fz,7,13,-6.2987782719563521,-5.6726722488901276,-5.9857252604232398,-0.62610602306622454
1,A_Task-1,4,20,F3,7,13,-8.2609402334299471,3.9907668903550846,-2.1350866715374313,-12.251707123785032
1,A_Task-1,4,20,F4,7,13,-8.5793819466904591,-2.0437644271993092,-5.3115731869448837,-6.5356175194911499
2,A_Task-2,0,20,Fz,11,9,-19.4915495161904,0.71223690934112305,-9.3896563034246388,-20.203786425531522
2,A_Task-2,0,20,F3,11,9,-16.297441179580144,20.473425018691366,2.0879919195556109,-36.770866198271506
2,A_Task-2,0,20,F4,11,9,-21.889650250299272,12.863990640409622,-4.5128298049448254,-34.753640890708894
2,A_Task-2,1,20,Fz,10,10,-20.127221141115935,-33.814949464490361,-26.971085302803147,13.687728323374426
2,A_Task-2,1,20,F3,10,10,126.83268393630451,25.997041098274746,76.41486251728962,100.83564283802976
2,A_Task-2,1,20,F4,10,10,-25.797113954749751,-49.775771755369689,-37.786442855059718,23.978657800619938
2,A_Task-2,2,20,Fz,11,9,-3.8301735910111669,-20.730251482214317,-12.280212536612742,16.90007789120315
2,A_Task-2,2,20,F3,11,9,7.513587468155146,0.24241697405239648,3.8780022211037712,7.2711704941027495
2,A_Task-2,2,20,F4,11,9,-79.481142187713218,-24.536854135154531,-52.008998161433873,-54.94428805255869
2,A_Task-2,3,20,Fz,10,10,-28.991971902130945,-31.780053143019671,-30.386012522575307,2.7880812408887259
2,A_Task-2,3,20,F3,10,10,49.181941157234185,56.60821728808785,52.895079222661018,-7.4262761308536653
2,A_Task-2,3,20,F4,10,10,-31.501263535512201,-15.935475773445313,-23.718369654478757,-15.565787762066888
2,A_Task-2,4,20,Fz,15,5,-33.66732902012059,-2.3650367435967992,-18.016182881858693,-31.30229227652379
2,A_Task-2,4,20,F3,15,5,-132.36151563951967,2.2667457011544743,-65.047384969182602,-134.62826134067413
2,A_Task-2,4,20,F4,15,5,-37.948635609985068,1.8738770190970342,-18.037379295444016,-39.822512629082105
1,B_Task-1,0,20,Fz,11,9,3.7867405047961258,-0.61867675541611999,1.5840318746900028,4.4054172602122454
1,B_Task-1,0,20,F3,11,9,-24.721913798049989,1.2138834420564588,-11.754015177996765,-25.935797240106449
1,B_Task-1,0,20,F4,11,9,-8.5244272071152931,17.87360077893095,4.6745867859078283,-26.398027986046245
1,B_Task-1,1,20,Fz,7,13,-226.66776100941482,-29.769525786186783,-128.2186433978008,-196.89823522322803
1,B_Task-1,1,20,F3,7,13,-27.212925357608366,-12.195365657567082,-19.704145507587725,-15.017559700041284
1,B_Task-1,1,20,F4,7,13,-7.0083416279939952,-15.966628801396585,-11.48748521469529,8.9582871734025886
1,B_Task-1,2,20,Fz,7,13,-218.45568152003165,16.994074722665644,-100.73080339868301,-235.44975624269728
1,B_Task-1,2,20,F3,7,13,-17.55474036386958,-5.7204651649525964,-11.637602764411088,-11.834275198916984
1,B_Task-1,2,20,F4,7,13,7.9127263898937743,-18.393422051066246,-5.2403478305862361,26.306148440960019
1,B_Task-1,3,20,Fz,13,7,-14.079688076017277,30.933853070095189,8.4270824970389562,-45.013541146112466
1,B_Task-1,3,20,F3,13,7,10.406695846702886,12.865858728023621,11.636277287363253,-2.4591628813207347
1,B_Task-1,3,20,F4,13,7,0.18776025728853468,14.994875304407612,7.5913177808480734,-14.807115047119078
1,B_Task-1,4,20,Fz,10,10,-2.4718863414332377,-1.9327857682832512,-2.2023360548582445,-0.5391005731499865
1,B_Task-1,4,20,F3,10,10,-11.260065333441295,-4.2486442461088938,-7.7543547897750944,-7.0114210873324012
1,B_Task-1,4,20,F4,10,10,-8.4591169609229802,-3.6689646717223581,-6.0640408163226693,-4.7901522892006216
2,B_Task-2,0,20,Fz,7,13,-23.081044730216018,-22.495691686418674,-22.788368208317344,-0.58535304379734399
2,B_Task-2,0,20,F3,7,13,78.144164118434873,-32.666953587025432,22.73860526570472,110.8111177054603
2,B_Task-2,0,20,F4,7,13,140.05576529514468,79.487557631112921,109.77166146312879,60.56820766403176
2,B_Task-2,1,20,Fz,9,11,-14.946644617784418,-37.917528469696329,-26.432086543740375,22.970883851911911
2,B_Task-2,1,20,F3,9,11,-25.999433461017176,-33.499721779495296,-29.749577620256236,7.5002883184781197
2,B_Task-2,1,20,F4,9,11,-206.08362432374935,-52.893815492878169,-129.48871990831375,-153.18980883087119
2,B_Task-2,2,20,Fz,13,7,-39.748509049246607,-33.914111944116136,-36.831310496681368,-5.8343971051304706
2,B_Task-2,2,20,F3,13,7,-92.627508335393955,208.63343780669334,58.002964735649691,-301.26094614208728
2,B_Task-2,2,20,F4,13,7,-133.12974455397881,118.68302010266258,-7.2233622256581143,-251.81276465664138
2,B_Task-2,3,20,Fz,10,10,-21.823748319623931,-33.96309562384716,-27.893421971735545,12.139347304223229
2,B_Task-2,3,20,F3,10,10,-10.620300680543926,-32.46084552825166,-21.540573104397794,21.840544847707733
2,B_Task-2,3,20,F4,10,10,-11.134702591709349,-22.498907526196064,-16.816805058952706,11.364204934486715
2,B_Task-2,4,20,Fz,11,9,5.351777982430824,-25.492674097158272,-10.070448057363723,30.844452079589097
2,B_Task-2,4,20,F3,11,9,100.0366344873048,-29.02212111387702,35.507256686713887,129.05875560118182
2,B_Task-2,4,20,F4,11,9,41.244183003142957,-28.412716311760306,6.4157333456913257,69.656899314903256
