task,channel,contrast,block_size,n_blocks,effect,ci_low,ci_high,t_stat,p_conditional,assumption_warning,max_abs_lag1,max_abs_skew,inferential_status,n_trials_included,p_holm_conditional,primary_family
1,F3,common,10,20,-5.6087401043490486,-13.324721289505664,1.6555255492119085,-1.3069700134145303,0.22800000000000001,True,0.20679055561451398,0.91636288222131079,conditional_internal_not_population,200,1,True
1,F3,difference,10,20,-5.4878356083919639,-22.178471285598182,12.147937642384438,-0.6020117724231876,0.53800000000000003,False,0.35249254675367819,0.75091951525063627,conditional_internal_not_population,200,1,True
1,F4,common,10,20,-1.4006565576339454,-7.1606585791187785,5.7275871566239109,-0.35453624045577814,0.73099999999999998,True,0.61618793336439714,0.83547714782314875,conditional_internal_not_population,200,1,True
1,F4,difference,10,20,1.773897793949806,-12.346166450398696,19.105480951229836,0.19529118325387984,0.84599999999999997,True,0.46742930206371452,0.67498701206981138,conditional_internal_not_population,200,1,True
1,Fz,common,10,20,-15.606851957754605,-39.835529787584299,5.6737598286514954,-1.1360842186782085,0.28199999999999997,True,0.53215482482697529,1.3390627974651137,conditional_internal_not_population,200,1,True
1,Fz,difference,10,20,-47.259030316082971,-96.333899164404244,-3.0009805217584358,-1.678989596270162,0.11600000000000001,True,0.35582929671454822,1.4598936007592886,conditional_internal_not_population,200,1,True
2,F3,common,10,20,17.383405094731632,-9.7348384388098843,47.363322131134915,1.0171343330535711,0.38,True,0.42293194256592914,1.6250582407183358,conditional_internal_not_population,200,1,True
2,F3,difference,10,20,-12.885559489252078,-108.22222077535814,58.572093761161589,-0.3070675070417066,0.78500000000000003,True,0.19196511598974947,2.1996215942122261,conditional_internal_not_population,200,1,True
2,F4,common,10,20,-12.443660850581347,-37.552118105996314,12.198966002494432,-0.8317993526036751,0.42499999999999999,True,0.47489212403110648,0.41494062859688868,conditional_internal_not_population,200,1,True
2,F4,difference,10,20,-30.26253956740435,-95.254220909034217,27.831482460057622,-1.0211381643097119,0.32900000000000001,True,0.47103231348424762,0.93708113061701126,conditional_internal_not_population,200,1,True
2,Fz,common,10,20,-22.629989780860207,-28.596494748998055,-16.33116921848184,-6.1383823299129201,0.001,False,0.37966425789190772,0.32645431601957647,conditional_internal_not_population,200,0.012,True
2,Fz,difference,10,20,4.8116930802908255,-6.3021346905138209,16.057784571927957,0.7554759767606597,0.434,False,0.11293994590361105,0.31397642861558789,conditional_internal_not_population,200,1,True
1,F3,common,5,37,-6.6562358759230413,-13.070881783529968,0.25980758877542476,-1.8620589630811186,0.066000000000000003,True,0.16273449178256391,1.9211244372659462,conditional_internal_not_population,185,0.72599999999999998,False
1,F3,difference,5,37,-2.26450894922236,-15.895147801326916,12.719330104752457,-0.29554540630318982,0.77700000000000002,False,0.27772357802658465,0.41776073942015618,conditional_internal_not_population,185,1,False
1,F4,common,5,37,-3.3501762038767096,-10.414208531301684,4.94385036820485,-0.79137933029930863,0.503,True,0.38705853310701827,2.862187656542464,conditional_internal_not_population,185,1,False
1,F4,difference,5,37,6.4476259458028746,-9.7950777363351857,21.220897424706539,0.86860153638655691,0.38600000000000001,False,0.32287784553007109,0.63026110127979817,conditional_internal_not_population,185,1,False
1,Fz,common,5,37,-9.9347280292582472,-39.860032505966274,15.704066053262739,-0.66321897492674542,0.499,True,0.39494803885648527,1.247680547724515,conditional_internal_not_population,185,1,False
1,Fz,difference,5,37,-54.229529323122193,-99.065788519564975,-10.126427653857487,-1.9075673370978585,0.084000000000000005,True,0.34381949146570057,1.7256743418953155,conditional_internal_not_population,185,0.84000000000000008,False
2,F3,common,5,35,13.573281197372825,-16.243251681106255,42.028422685872151,0.86868705934742929,0.40000000000000002,True,0.11307929610334364,1.7692345451244682,conditional_internal_not_population,175,1,False
2,F3,difference,5,35,-5.7764247376841436,-76.047945817525317,68.277309879840359,-0.15801416402012042,0.89100000000000001,True,0.093187930568961241,1.4112670118578234,conditional_internal_not_population,175,1,False
2,F4,common,5,35,-11.34091723603774,-38.957000400799636,26.286960496404834,-0.64441968303985986,0.53700000000000003,False,0.36901384870167081,0.46864364435838324,conditional_internal_not_population,175,1,False
2,F4,difference,5,35,-22.180200526404143,-89.464307453759886,44.548494987980433,-0.73829690905292167,0.47299999999999998,False,0.3648214695956048,0.70291436248719585,conditional_internal_not_population,175,1,False
2,Fz,common,5,35,-24.300232791083193,-31.092068060705788,-16.579845187857977,-5.6770240305163595,0.001,True,0.21910692896810213,1.7226902520120742,conditional_internal_not_population,175,0.012,False
2,Fz,difference,5,35,3.8691137212045028,-11.564046631803205,20.939628753513091,0.48499032062373987,0.629,False,0.23525876599251533,0.93714017973040087,conditional_internal_not_population,175,1,False
1,F3,common,20,10,-5.1459674201424948,-11.091620083331787,1.6081224716659304,-1.3337080199184632,0.23000000000000001,True,0.35180126993348121,1.4498379158122037,conditional_internal_not_population,200,1,False
1,F3,difference,20,10,-5.2879673066991479,-16.975420574670455,8.0358031337439435,-0.55089289606321723,0.64400000000000002,True,0.77778686873660452,1.3893914862787957,conditional_internal_not_population,200,1,False
1,F4,common,20,10,-1.4584731686774941,-6.3340753318726053,3.596746616967553,-0.43158538456154349,0.66500000000000004,True,0.44953749956687405,1.6794425572363776,conditional_internal_not_population,200,1,False
1,F4,difference,20,10,0.52984683288909662,-12.497412064826921,14.703157109612215,0.049479607421778433,0.96999999999999997,True,0.9455949213623227,0.53471378257386026,conditional_internal_not_population,200,1,False
1,Fz,common,20,10,-22.485761411464793,-47.873308683540564,1.095244179501393,-1.445777938639327,0.27800000000000002,True,0.043685177071291853,1.5750395307719003,conditional_internal_not_population,200,1,False
1,Fz,difference,20,10,-48.611942051193786,-96.533172384395343,-5.1482179569324611,-1.7102246253293747,0.057000000000000002,False,0.28447369921349086,0.55043278492869852,conditional_internal_not_population,200,0.627,False
2,F3,common,20,10,13.518722687484166,-8.7797826249818609,32.286031066454846,0.96805971261964963,0.376,True,0.89788712347509358,0.50397564253587868,conditional_internal_not_population,200,1,False
2,F3,difference,20,10,-10.276883000692612,-88.045242611544936,61.358736006144035,-0.25263958856985474,0.80900000000000005,True,0.10952043006861781,1.724489907475955,conditional_internal_not_population,200,1,False
2,F4,common,20,10,-17.340551215546562,-43.453892477400274,10.052832893050006,-0.93092879976753218,0.39000000000000001,True,0.81096487011394924,0.26660294873238749,conditional_internal_not_population,200,1,False
2,F4,difference,20,10,-38.452083310788751,-102.0506160195317,16.009524340532458,-1.234122446362945,0.26800000000000002,True,0.69964665959387407,1.1668036288635391,conditional_internal_not_population,200,1,False
2,Fz,common,20,10,-22.10587848251129,-26.705813664532162,-17.378259739649149,-7.5014480750037,0.0030000000000000001,True,0.87297175333125365,0.64948105771310838,conditional_internal_not_population,200,0.036000000000000004,False
2,Fz,difference,20,10,4.1404741840207411,-6.5207661142413489,13.446371345963302,0.67783386794698353,0.52400000000000002,True,0.4455627941543161,0.50736489718306821,conditional_internal_not_population,200,1,False
