task,partition,inner_fold,candidate,loss,n_train,n_validation
1,outer_0,1,P0,0.11094148059202445,80,40
1,outer_0,1,W0,0.11715497191151933,80,40
1,outer_0,1,U0_L1,0.11712836697471744,80,40
1,outer_0,1,U0_L10,0.11702758382888896,80,40
1,outer_0,1,U0_L100,0.11682231367985002,80,40
1,outer_0,1,U2_L1,0.117134241661059,80,40
1,outer_0,1,U2_L10,0.11704948190268039,80,40
1,outer_0,1,U2_L100,0.11687851309589925,80,40
1,outer_0,1,U4_L1,0.11713885548613689,80,40
1,outer_0,1,U4_L10,0.11707485963367931,80,40
1,outer_0,1,U4_L100,0.11694823675487807,80,40
1,outer_0,2,P0,0.113706117574858,80,40
1,outer_0,2,W0,0.12571877318393618,80,40
1,outer_0,2,U0_L1,0.12568861135523945,80,40
1,outer_0,2,U0_L10,0.12557368548318967,80,40
1,outer_0,2,U0_L100,0.12547290091836744,80,40
1,outer_0,2,U2_L1,0.12569639441260039,80,40
1,outer_0,2,U2_L10,0.1256111839010865,80,40
1,outer_0,2,U2_L100,0.12546845252059238,80,40
1,outer_0,2,U4_L1,0.12569059809394162,80,40
1,outer_0,2,U4_L10,0.12557487519805355,80,40
1,outer_0,2,U4_L100,0.12533918525399235,80,40
1,outer_0,3,P0,0.028973043443008634,80,40
1,outer_0,3,W0,0.0129914036803737,80,40
1,outer_0,3,U0_L1,0.012981648369930252,80,40
1,outer_0,3,U0_L10,0.012949923468730258,80,40
1,outer_0,3,U0_L100,0.012879509252772738,80,40
1,outer_0,3,U2_L1,0.012979814680999995,80,40
1,outer_0,3,U2_L10,0.01294316700710897,80,40
1,outer_0,3,U2_L100,0.012881974159056736,80,40
1,outer_0,3,U4_L1,0.012978833145404768,80,40
1,outer_0,3,U4_L10,0.012940233529293811,80,40
1,outer_0,3,U4_L100,0.012881018093918379,80,40
1,outer_1,0,P0,0.14100937786537338,80,40
1,outer_1,0,W0,0.13647932053376396,80,40
1,outer_1,0,U0_L1,0.1364707609241978,80,40
1,outer_1,0,U0_L10,0.13643956804592294,80,40
1,outer_1,0,U0_L100,0.13622377607121944,80,40
1,outer_1,0,U2_L1,0.13647231161675372,80,40
1,outer_1,0,U2_L10,0.13644781585962651,80,40
1,outer_1,0,U2_L100,0.13637990699062413,80,40
1,outer_1,0,U4_L1,0.13646945643459524,80,40
1,outer_1,0,U4_L10,0.1364373780016232,80,40
1,outer_1,0,U4_L100,0.13637197277167656,80,40
1,outer_1,2,P0,1.0119059335490217,80,40
1,outer_1,2,W0,1.1010926608863163,80,40
1,outer_1,2,U0_L1,1.1010955141425576,80,40
1,outer_1,2,U0_L10,1.1010265973531514,80,40
1,outer_1,2,U0_L100,1.1004961454452875,80,40
1,outer_1,2,U2_L1,1.1010523637183343,80,40
1,outer_1,2,U2_L10,1.1009271014391873,80,40
1,outer_1,2,U2_L100,1.1009319406810778,80,40
1,outer_1,2,U4_L1,1.1010048015062242,80,40
1,outer_1,2,U4_L10,1.1006656105258197,80,40
1,outer_1,2,U4_L100,1.1001087075464486,80,40
1,outer_1,3,P0,0.063699799148658642,80,40
1,outer_1,3,W0,0.032124665301223661,80,40
1,outer_1,3,U0_L1,0.032103432316047335,80,40
1,outer_1,3,U0_L10,0.03204469959251674,80,40
1,outer_1,3,U0_L100,0.032037580032436563,80,40
1,outer_1,3,U2_L1,0.032109547674852607,80,40
1,outer_1,3,U2_L10,0.032063471485624627,80,40
1,outer_1,3,U2_L100,0.032012884366682849,80,40
1,outer_1,3,U4_L1,0.032113916845285584,80,40
1,outer_1,3,U4_L10,0.03208456702645697,80,40
1,outer_1,3,U4_L100,0.032069291844494217,80,40
1,outer_2,0,P0,0.14871105981227331,80,40
1,outer_2,0,W0,0.087042110488766297,80,40
1,outer_2,0,U0_L1,0.087015249968211278,80,40
1,outer_2,0,U0_L10,0.08691966588944193,80,40
1,outer_2,0,U0_L100,0.086794896355534529,80,40
1,outer_2,0,U2_L1,0.087022672016706257,80,40
1,outer_2,0,U2_L10,0.086952559516277741,80,40
1,outer_2,0,U2_L100,0.086840542543360974,80,40
1,outer_2,0,U4_L1,0.087030570309268807,80,40
1,outer_2,0,U4_L10,0.086997630318674982,80,40
1,outer_2,0,U4_L100,0.086990740583618345,80,40
1,outer_2,1,P0,0.60424475328136373,80,40
1,outer_2,1,W0,0.63313486914824679,80,40
1,outer_2,1,U0_L1,0.63307463653818108,80,40
1,outer_2,1,U0_L10,0.63280173247789429,80,40
1,outer_2,1,U0_L100,0.63197422398844483,80,40
1,outer_2,1,U2_L1,0.63309293695092828,80,40
1,outer_2,1,U2_L10,0.63295625692174207,80,40
1,outer_2,1,U2_L100,0.63279576045707342,80,40
1,outer_2,1,U4_L1,0.63309850880062213,80,40
1,outer_2,1,U4_L10,0.63298565927448391,80,40
1,outer_2,1,U4_L100,0.63287112487591612,80,40
1,outer_2,3,P0,0.036391069444468842,80,40
1,outer_2,3,W0,0.046932678029184598,80,40
1,outer_2,3,U0_L1,0.04691927927513502,80,40
1,outer_2,3,U0_L10,0.046899432150719705,80,40
1,outer_2,3,U0_L100,0.0469440748123875,80,40
1,outer_2,3,U2_L1,0.04691722184460298,80,40
1,outer_2,3,U2_L10,0.046866616209274292,80,40
1,outer_2,3,U2_L100,0.046840559243565755,80,40
1,outer_2,3,U4_L1,0.046920237484495232,80,40
1,outer_2,3,U4_L10,0.046885742342306025,80,40
1,outer_2,3,U4_L100,0.046906416356654101,80,40
1,outer_3,0,P0,0.13985093367826457,80,40
1,outer_3,0,W0,0.086980941671285755,80,40
1,outer_3,0,U0_L1,0.086953364799188027,80,40
1,outer_3,0,U0_L10,0.086844111542829922,80,40
1,outer_3,0,U0_L100,0.086590625401868335,80,40
1,outer_3,0,U2_L1,0.086964011722725762,80,40
1,outer_3,0,U2_L10,0.086891783497974301,80,40
1,outer_3,0,U2_L100,0.086716678579689135,80,40
1,outer_3,0,U4_L1,0.086967865674096131,80,40
1,outer_3,0,U4_L10,0.08691838192893811,80,40
1,outer_3,0,U4_L100,0.086814940111599959,80,40
1,outer_3,1,P0,0.17362605608700454,80,40
1,outer_3,1,W0,0.13512546829759792,80,40
1,outer_3,1,U0_L1,0.13510200127352934,80,40
1,outer_3,1,U0_L10,0.13503916496344093,80,40
1,outer_3,1,U0_L100,0.1350559692348442,80,40
1,outer_3,1,U2_L1,0.13511349565015493,80,40
1,outer_3,1,U2_L10,0.13507698267350651,80,40
1,outer_3,1,U2_L100,0.13502152320655778,80,40
1,outer_3,1,U4_L1,0.13511553497689854,80,40
1,outer_3,1,U4_L10,0.13508673968343127,80,40
1,outer_3,1,U4_L100,0.1350289846003363,80,40
1,outer_3,2,P0,0.12077734560203013,80,40
1,outer_3,2,W0,0.16749041122600228,80,40
1,outer_3,2,U0_L1,0.16746089107970372,80,40
1,outer_3,2,U0_L10,0.16736586535831732,80,40
1,outer_3,2,U0_L100,0.16727853101780712,80,40
1,outer_3,2,U2_L1,0.1674682473287197,80,40
1,outer_3,2,U2_L10,0.16737541206285264,80,40
1,outer_3,2,U2_L100,0.16725495821128472,80,40
1,outer_3,2,U4_L1,0.16746833141845871,80,40
1,outer_3,2,U4_L10,0.16737747696123831,80,40
1,outer_3,2,U4_L100,0.16725306146570401,80,40
1,historical,0,P0,0.13466615341208302,120,40
1,historical,0,W0,0.096658721681541562,120,40
1,historical,0,U0_L1,0.09664377823149016,120,40
1,historical,0,U0_L10,0.096587125665460336,120,40
1,historical,0,U0_L100,0.096429570982012422,120,40
1,historical,0,U2_L1,0.096647955020991425,120,40
1,historical,0,U2_L10,0.09660759676892651,120,40
1,historical,0,U2_L100,0.096538903872759832,120,40
1,historical,0,U4_L1,0.096651244539385464,120,40
1,historical,0,U4_L10,0.096625376589484627,120,40
1,historical,0,U4_L100,0.096591960029561955,120,40
1,historical,1,P0,0.14192408271324933,120,40
1,historical,1,W0,0.12944673490351818,120,40
1,historical,1,U0_L1,0.12942290557768504,120,40
1,historical,1,U0_L10,0.12934022811239101,120,40
1,historical,1,U0_L100,0.12922761864868657,120,40
1,historical,1,U2_L1,0.12942933024303907,120,40
1,historical,1,U2_L10,0.12936091398857366,120,40
1,historical,1,U2_L100,0.12921830460806782,120,40
1,historical,1,U4_L1,0.12943527360890886,120,40
1,historical,1,U4_L10,0.12939085537021913,120,40
1,historical,1,U4_L100,0.12929985272481118,120,40
1,historical,2,P0,0.1317187898765404,120,40
1,historical,2,W0,0.1736713238960278,120,40
1,historical,2,U0_L1,0.17365328778759992,120,40
1,historical,2,U0_L10,0.17358527787317971,120,40
1,historical,2,U0_L100,0.17353615283201532,120,40
1,historical,2,U2_L1,0.17365708827130652,120,40
1,historical,2,U2_L10,0.17359819339248347,120,40
1,historical,2,U2_L100,0.1735044271555661,120,40
1,historical,2,U4_L1,0.17365287331366114,120,40
1,historical,2,U4_L10,0.17357732182003455,120,40
1,historical,2,U4_L100,0.17342531323952817,120,40
1,historical,3,P0,0.02611779380434166,120,40
1,historical,3,W0,0.021316149931543647,120,40
1,historical,3,U0_L1,0.021309465054614632,120,40
1,historical,3,U0_L10,0.021300282128581798,120,40
1,historical,3,U0_L100,0.021327005549169879,120,40
1,historical,3,U2_L1,0.021306599799231305,120,40
1,historical,3,U2_L10,0.021280739030915187,120,40
1,historical,3,U2_L100,0.021265124560797977,120,40
1,historical,3,U4_L1,0.021307975751379302,120,40
1,historical,3,U4_L10,0.021283958716157545,120,40
1,historical,3,U4_L100,0.02126396749534365,120,40
2,outer_0,1,P0,0.046156376713184316,80,40
2,outer_0,1,W0,0.058164967565629805,80,40
2,outer_0,1,U0_L1,0.058158688009578047,80,40
2,outer_0,1,U0_L10,0.058132742117311245,80,40
2,outer_0,1,U0_L100,0.058059130390065758,80,40
2,outer_0,1,U2_L1,0.05815743748201524,80,40
2,outer_0,1,U2_L10,0.058124629928542212,80,40
2,outer_0,1,U2_L100,0.058033740854737302,80,40
2,outer_0,1,U4_L1,0.058157765761630661,80,40
2,outer_0,1,U4_L10,0.058125641130472819,80,40
2,outer_0,1,U4_L100,0.058047956374121766,80,40
2,outer_0,2,P0,0.14157545925228862,80,40
2,outer_0,2,W0,0.14896822944553292,80,40
2,outer_0,2,U0_L1,0.14896034582199003,80,40
2,outer_0,2,U0_L10,0.14892356615678243,80,40
2,outer_0,2,U0_L100,0.14878443443104766,80,40
2,outer_0,2,U2_L1,0.14896075307570955,80,40
2,outer_0,2,U2_L10,0.14892202272779798,80,40
2,outer_0,2,U2_L100,0.14878081532013937,80,40
2,outer_0,2,U4_L1,0.14896127473935108,80,40
2,outer_0,2,U4_L10,0.14893122706608111,80,40
2,outer_0,2,U4_L100,0.14882422910732671,80,40
2,outer_0,3,P0,0.044936755933642963,80,40
2,outer_0,3,W0,0.027398242386769994,80,40
2,outer_0,3,U0_L1,0.027388343565921885,80,40
2,outer_0,3,U0_L10,0.027348057340216954,80,40
2,outer_0,3,U0_L100,0.027293711290941897,80,40
2,outer_0,3,U2_L1,0.02738820910295511,80,40
2,outer_0,3,U2_L10,0.027348497653259137,80,40
2,outer_0,3,U2_L100,0.027307696678187835,80,40
2,outer_0,3,U4_L1,0.027389365201295535,80,40
2,outer_0,3,U4_L10,0.027355225527306352,80,40
2,outer_0,3,U4_L100,0.027322274145157345,80,40
2,outer_1,0,P0,0.093300534845012967,80,40
2,outer_1,0,W0,0.070359641544670989,80,40
2,outer_1,0,U0_L1,0.070351708628121262,80,40
2,outer_1,0,U0_L10,0.070308318105249956,80,40
2,outer_1,0,U0_L100,0.070137696424224308,80,40
2,outer_1,0,U2_L1,0.070352273395679524,80,40
2,outer_1,0,U2_L10,0.070319073177600833,80,40
2,outer_1,0,U2_L100,0.070230709554625362,80,40
2,outer_1,0,U4_L1,0.070352047800042672,80,40
2,outer_1,0,U4_L10,0.070315976813731695,80,40
2,outer_1,0,U4_L100,0.070232485321866739,80,40
2,outer_1,2,P0,0.19259802121487385,80,40
2,outer_1,2,W0,0.19174711691764815,80,40
2,outer_1,2,U0_L1,0.19173024015801313,80,40
2,outer_1,2,U0_L10,0.19166699958699154,80,40
2,outer_1,2,U0_L100,0.19156524073209258,80,40
2,outer_1,2,U2_L1,0.19173448256606615,80,40
2,outer_1,2,U2_L10,0.19168087057799524,80,40
2,outer_1,2,U2_L100,0.19154530282385404,80,40
2,outer_1,2,U4_L1,0.19173937558215837,80,40
2,outer_1,2,U4_L10,0.19170950470516893,80,40
2,outer_1,2,U4_L100,0.19164037182693658,80,40
2,outer_1,3,P0,0.05539162626564087,80,40
2,outer_1,3,W0,0.045326820311877486,80,40
2,outer_1,3,U0_L1,0.045318231423630451,80,40
2,outer_1,3,U0_L10,0.045285486770943364,80,40
2,outer_1,3,U0_L100,0.045219485641535787,80,40
2,outer_1,3,U2_L1,0.045317533632625306,80,40
2,outer_1,3,U2_L10,0.045281072204733916,80,40
2,outer_1,3,U2_L100,0.045198814391686826,80,40
2,outer_1,3,U4_L1,0.045320914923010491,80,40
2,outer_1,3,U4_L10,0.045302427992163705,80,40
2,outer_1,3,U4_L100,0.045284515955291184,80,40
2,outer_2,0,P0,0.17052805932215034,80,40
2,outer_2,0,W0,0.12428388150301987,80,40
2,outer_2,0,U0_L1,0.12427355910504316,80,40
2,outer_2,0,U0_L10,0.12421910267942102,80,40
2,outer_2,0,U0_L100,0.12399688479595808,80,40
2,outer_2,0,U2_L1,0.12427688111351086,80,40
2,outer_2,0,U2_L10,0.12424688740676884,80,40
2,outer_2,0,U2_L100,0.12415897454489547,80,40
2,outer_2,0,U4_L1,0.12427630589636557,80,40
2,outer_2,0,U4_L10,0.12424059981873178,80,40
2,outer_2,0,U4_L100,0.12412660569252516,80,40
2,outer_2,1,P0,0.11776603624341089,80,40
2,outer_2,1,W0,0.10965451642380122,80,40
2,outer_2,1,U0_L1,0.10964811421313608,80,40
2,outer_2,1,U0_L10,0.10961847701913638,80,40
2,outer_2,1,U0_L100,0.10956304632435745,80,40
2,outer_2,1,U2_L1,0.10964652097169017,80,40
2,outer_2,1,U2_L10,0.10959930102892709,80,40
2,outer_2,1,U2_L100,0.10946168426340687,80,40
2,outer_2,1,U4_L1,0.10964390395169493,80,40
2,outer_2,1,U4_L10,0.10958820483224746,80,40
2,outer_2,1,U4_L100,0.10943208197599036,80,40
2,outer_2,3,P0,0.041041868677269479,80,40
2,outer_2,3,W0,0.037673540537923288,80,40
2,outer_2,3,U0_L1,0.037662508172783979,80,40
2,outer_2,3,U0_L10,0.037625818150763803,80,40
2,outer_2,3,U0_L100,0.037610851283583151,80,40
2,outer_2,3,U2_L1,0.037661780137402547,80,40
2,outer_2,3,U2_L10,0.037620495213612416,80,40
2,outer_2,3,U2_L100,0.037588893820780497,80,40
2,outer_2,3,U4_L1,0.037663373673100041,80,40
2,outer_2,3,U4_L10,0.037630991956767161,80,40
2,outer_2,3,U4_L100,0.037631526041943038,80,40
2,outer_3,0,P0,0.10468002304184487,80,40
2,outer_3,0,W0,0.067147156919637782,80,40
2,outer_3,0,U0_L1,0.067141409642434452,80,40
2,outer_3,0,U0_L10,0.067109248126158372,80,40
2,outer_3,0,U0_L100,0.066980604196994642,80,40
2,outer_3,0,U2_L1,0.067141668056786494,80,40
2,outer_3,0,U2_L10,0.067115378499275763,80,40
2,outer_3,0,U2_L100,0.067049673666122578,80,40
2,outer_3,0,U4_L1,0.067142421303506214,80,40
2,outer_3,0,U4_L10,0.067118870545131895,80,40
2,outer_3,0,U4_L100,0.067055562297606036,80,40
2,outer_3,1,P0,0.071050439806459781,80,40
2,outer_3,1,W0,0.082411727009077312,80,40
2,outer_3,1,U0_L1,0.082409698624892502,80,40
2,outer_3,1,U0_L10,0.082391933728084829,80,40
2,outer_3,1,U0_L100,0.082256198364981437,80,40
2,outer_3,1,U2_L1,0.082409388320357213,80,40
2,outer_3,1,U2_L10,0.082387564132333266,80,40
2,outer_3,1,U2_L100,0.082227566119220913,80,40
2,outer_3,1,U4_L1,0.082409316020104276,80,40
2,outer_3,1,U4_L10,0.082403990376473571,80,40
2,outer_3,1,U4_L100,0.082398629167913837,80,40
2,outer_3,2,P0,0.1344748246887911,80,40
2,outer_3,2,W0,0.13563846312502781,80,40
2,outer_3,2,U0_L1,0.13562927290081775,80,40
2,outer_3,2,U0_L10,0.13559883818191693,80,40
2,outer_3,2,U0_L100,0.13556372358845933,80,40
2,outer_3,2,U2_L1,0.13562932109007331,80,40
2,outer_3,2,U2_L10,0.13558884535775836,80,40
2,outer_3,2,U2_L100,0.1354746549293232,80,40
2,outer_3,2,U4_L1,0.13562900735497169,80,40
2,outer_3,2,U4_L10,0.13558491902178471,80,40
2,outer_3,2,U4_L100,0.13545742768706212,80,40
2,historical,0,P0,0.1050856659550119,120,40
2,historical,0,W0,0.074217072155679326,120,40
2,historical,0,U0_L1,0.074212190577335455,120,40
2,historical,0,U0_L10,0.074181765700268812,120,40
2,historical,0,U0_L100,0.074044162734106342,120,40
2,historical,0,U2_L1,0.074212884407814331,120,40
2,historical,0,U2_L10,0.074192433624471671,120,40
2,historical,0,U2_L100,0.074133242665369539,120,40
2,historical,0,U4_L1,0.074212814410061695,120,40
2,historical,0,U4_L10,0.074190612591856331,120,40
2,historical,0,U4_L100,0.074129751805189062,120,40
2,historical,1,P0,0.060184523056287902,120,40
2,historical,1,W0,0.071283334153894068,120,40
2,historical,1,U0_L1,0.071282100139062207,120,40
2,historical,1,U0_L10,0.071272138111065739,120,40
2,historical,1,U0_L100,0.071213329473647863,120,40
2,historical,1,U2_L1,0.071281363062690395,120,40
2,historical,1,U2_L10,0.071263730871101966,120,40
2,historical,1,U2_L100,0.071165264653677618,120,40
2,historical,1,U4_L1,0.071279418716235499,120,40
2,historical,1,U4_L10,0.071258439931455503,120,40
2,historical,1,U4_L100,0.071189853005646342,120,40
2,historical,2,P0,0.13458007308799927,120,40
2,historical,2,W0,0.14279128918586806,120,40
2,historical,2,U0_L1,0.14278362962907623,120,40
2,historical,2,U0_L10,0.1427548609531952,120,40
2,historical,2,U0_L100,0.14269796570169724,120,40
2,historical,2,U2_L1,0.14278511511662118,120,40
2,historical,2,U2_L10,0.14275508316600552,120,40
2,historical,2,U2_L100,0.142652394814821,120,40
2,historical,2,U4_L1,0.14278583379861198,120,40
2,historical,2,U4_L10,0.14276084616018944,120,40
2,historical,2,U4_L100,0.14267544789827671,120,40
2,historical,3,P0,0.037026039667251258,120,40
2,historical,3,W0,0.031552679488907193,120,40
2,historical,3,U0_L1,0.031545039666178477,120,40
2,historical,3,U0_L10,0.031517979524644003,120,40
2,historical,3,U0_L100,0.031502479797076655,120,40
2,historical,3,U2_L1,0.031544460671297958,120,40
2,historical,3,U2_L10,0.031514940043710693,120,40
2,historical,3,U2_L100,0.031494371300743257,120,40
2,historical,3,U4_L1,0.031546998832489168,120,40
2,historical,3,U4_L10,0.031528771466023973,120,40
2,historical,3,U4_L100,0.031528733016721329,120,40
