task,repeat,method,contrast,channel,correlation,rmse,rms_half_a,rms_half_b
1,0,P0,common,Fz,0.33135141566490867,11.49638335376777,17.410232772534371,12.568276376963356
1,0,P0,common,F3,0.074629179387604092,10.910650023226236,3.8007349892650275,9.6371328891443966
1,0,P0,common,F4,0.19324994465972781,14.268407798305146,8.8586013272568866,11.500816646085134
1,0,P0,difference,Fz,-0.27032061303830995,25.168730011386984,34.93688130496475,33.049295626969716
1,0,P0,difference,F3,0.0028383050826453707,11.108779042983034,6.5527638589483503,5.8621571270565216
1,0,P0,difference,F4,0.057051830041145037,7.8333181330821029,8.478550635152013,6.6524659586070038
1,0,W0,common,Fz,0.86334020293534708,3.3071754294662199,4.6160859614544822,6.4289670765467193
1,0,W0,common,F3,0.79901546715515992,5.9400001763983594,4.0753945612263802,8.8564959171656898
1,0,W0,common,F4,0.89017862585391694,5.3084977323195339,4.9430139704505933,9.1113116907385585
1,0,W0,difference,Fz,0.21367722281865961,10.996935072128183,5.0292534145762851,8.2473256159123824
1,0,W0,difference,F3,-0.362282629455631,13.32385061211788,9.4638866275630988,4.9302887686352008
1,0,W0,difference,F4,-0.18204948883382219,9.9119296717943595,6.3695543858160244,6.7500498186278328
1,0,SELECTED,common,Fz,0.87870102206641754,3.1748329047014239,4.5639081470317162,6.4001448632361955
1,0,SELECTED,common,F3,0.81063457002122086,5.9086559093189468,4.0409682337035884,8.8712702442006055
1,0,SELECTED,common,F4,0.89758669210223729,5.2639911582985777,4.9110123686532097,9.1108858460070454
1,0,SELECTED,difference,Fz,0.26451476780876498,10.725188037550934,4.8404067575058027,8.1436142331178569
1,0,SELECTED,difference,F3,-0.39283679255878434,13.274105676768437,9.4318631047144326,4.8273087132960288
1,0,SELECTED,difference,F4,-0.18132683123818238,9.8322448168775747,6.2732303941915397,6.68865479490624
1,1,P0,common,Fz,0.29337710039735571,10.112363080209724,14.589872032048657,15.121647834989334
1,1,P0,common,F3,0.57379118362280668,6.4448213952672901,5.6324465197812597,5.8353508449369516
1,1,P0,common,F4,0.35367005401431956,9.0760491036826583,7.7490601934296404,9.3420547900052995
1,1,P0,difference,Fz,-0.11833196219267747,26.853449725090147,39.81047783976156,26.670371738216911
1,1,P0,difference,F3,-0.50448806151980952,10.784409483175839,4.4490254459639536,7.3472029884186645
1,1,P0,difference,F4,0.15066909808378617,16.774989230294416,12.416880164562059,8.0798146203032406
1,1,W0,common,Fz,0.77310330131931437,5.1706035517207019,5.275945766788861,6.4218956077255642
1,1,W0,common,F3,0.52843298168367681,16.673477324536492,12.027192115325983,8.1366443894788354
1,1,W0,common,F4,0.64462046510443349,11.441887857274843,9.1029601672553326,8.5384715365681689
1,1,W0,difference,Fz,-0.40349504831429595,14.990053542765432,9.9388775952747821,7.3674147211013929
1,1,W0,difference,F3,-0.62711223704160113,9.4606876293665607,5.7278124213080988,6.9558201313704604
1,1,W0,difference,F4,-0.18340283482033046,12.665310291653986,7.9887582908950963,6.7417223241543036
1,1,SELECTED,common,Fz,0.78208512414260922,5.0787685992783231,5.2421348823367149,6.3729094898953589
1,1,SELECTED,common,F3,0.53069014861213182,16.644255181432591,12.023197876030348,8.097766298011587
1,1,SELECTED,common,F4,0.64857991297392636,11.387839876444854,9.0808046679750163,8.498228370158774
1,1,SELECTED,difference,Fz,-0.41247784400568543,14.922187294543949,9.8999956050974802,7.3139882902555842
1,1,SELECTED,difference,F3,-0.65692211297503156,9.2863338262165733,5.5745922079680401,6.8991549818169249
1,1,SELECTED,difference,F4,-0.18416611094478499,12.459132545094315,7.8273738497371017,6.6486225897141082
1,2,P0,common,Fz,0.35608640023496269,25.86321882578935,26.583439554733811,3.1334611146482798
1,2,P0,common,F3,0.38912397902937107,7.4232023318420133,7.9285526175412473,3.0650541343039523
1,2,P0,common,F4,0.3188018913154792,11.179278256712625,10.480987994757834,7.6805214114542801
1,2,P0,difference,Fz,-0.39248782697035478,68.121432068235904,64.758360751084922,4.9913621230840404
1,2,P0,difference,F3,-0.73145979126481997,14.453544439440192,8.0846785628544886,7.4164453953510598
1,2,P0,difference,F4,0.026725535820203285,9.6841043396779174,5.1457343858870983,9.8715829055931295
1,2,W0,common,Fz,0.77450445626244757,5.8492917435524143,7.1125375597653129,4.5883627133818825
1,2,W0,common,F3,0.77272575084947048,5.9943039759855061,8.3524627582196569,4.491185180281005
1,2,W0,common,F4,0.768182620556771,6.8301068905088806,9.6160930517758665,4.4384730184796082
1,2,W0,difference,Fz,0.070874934323679875,13.492456290741389,9.6317869858305762,5.402348581905807
1,2,W0,difference,F3,-0.79830896043600097,11.95547249368367,6.4109471417396779,7.4120859767025209
1,2,W0,difference,F4,-0.73661954115940087,13.739674809693931,4.2619736290903569,10.658716443774733
1,2,SELECTED,common,Fz,0.32759581256384451,28.800268367491299,26.583439554733811,4.5363098270474866
1,2,SELECTED,common,F3,0.81131598562460094,5.4017466178058093,7.9285526175412473,4.4654449831572878
1,2,SELECTED,common,F4,0.7672532794360436,7.6436449959493284,10.480987994757834,4.3986457574010371
1,2,SELECTED,difference,Fz,-0.32671434014044987,68.650491137656772,64.758360751084922,5.2222270872330725
1,2,SELECTED,difference,F3,-0.50245973184547232,11.682513632650249,8.0846785628544886,7.3196491896115621
1,2,SELECTED,difference,F4,0.45611856877597606,8.8160568610821954,5.1457343858870983,10.554722428740142
1,3,P0,common,Fz,0.25432883617016111,11.602341381865243,12.182040717832367,17.54058775558444
1,3,P0,common,F3,0.82899458628926592,4.1958929194852734,3.4783891177970871,6.2683043368928741
1,3,P0,common,F4,0.88900089185674136,5.9988282056921634,7.9696627574247527,7.992875752741524
1,3,P0,difference,Fz,-0.22522859501944825,23.941849490546563,35.265004088366354,32.293133279433498
1,3,P0,difference,F3,-0.61523038496386218,11.497536857803766,6.9899860225349126,5.5426563513758138
1,3,P0,difference,F4,-0.14531002830592621,18.733229347545201,7.8445973180077608,13.456503137852138
1,3,W0,common,Fz,0.7942412508145984,5.0308064448364913,5.0917439361665933,6.6730820346695818
1,3,W0,common,F3,0.88735565088291291,4.1242370543902345,5.4587444052148095,6.9068963478426477
1,3,W0,common,F4,0.81643584942525971,4.7516240330254451,6.1585715027735812,7.996431451672434
1,3,W0,difference,Fz,0.11353537697791347,13.826633455840968,10.156478253369855,5.7402316779827496
1,3,W0,difference,F3,-0.33852438278077618,9.5928378601006088,8.055469621007461,2.997782414281454
1,3,W0,difference,F4,0.22847926565273405,12.243368406958353,5.3001154038481566,8.6574676844642315
1,3,SELECTED,common,Fz,0.81249398769040093,4.8940418743430438,5.0302084628947092,6.6301973777179031
1,3,SELECTED,common,F3,0.90341432310165493,4.0283858452317096,5.4376361322406126,6.8770903076878369
1,3,SELECTED,common,F4,0.8264638413681118,4.6225861075740129,6.1196290803610287,7.9577311507559871
1,3,SELECTED,difference,Fz,0.17390756775531008,13.771144907512213,10.143513276387596,5.6451926588514469
1,3,SELECTED,difference,F3,-0.35456106945255678,9.4742389944132395,7.9883237848984976,2.8130781768295097
1,3,SELECTED,difference,F4,0.32978323876188864,12.169043779327458,5.1674995577327003,8.6157702515955759
1,4,P0,common,Fz,0.4701696254345612,19.669266122104091,23.074237851139561,6.6670214397303296
1,4,P0,common,F3,0.92934995464343417,4.1423947334503515,3.9589003131666738,6.1183738157613323
1,4,P0,common,F4,0.84955644496372262,4.9537104395416947,8.2989922121537916,7.1444577492442871
1,4,P0,difference,Fz,-0.1227765825053268,59.746305901416541,60.686766819466428,3.0328249586894089
1,4,P0,difference,F3,-0.74924147626757032,35.672417418753412,19.376291452423668,16.639147827349358
1,4,P0,difference,F4,-0.39640502257981547,35.003828055566487,15.154707794144731,21.410608411138718
1,4,W0,common,Fz,0.91366538287201748,7.9297299898948372,6.5203370117378192,6.7981497707515901
1,4,W0,common,F3,0.8908162951655515,10.844590246924563,5.1876239215173783,10.250951984302516
1,4,W0,common,F4,0.86141354204465626,8.6610891967149435,7.4752954252090982,8.5993957294023957
1,4,W0,difference,Fz,-0.07299386989565694,6.8676787643600452,6.0710215366323439,5.2281066329023576
1,4,W0,difference,F3,-0.47844732769908144,20.049480494566925,13.190217798005214,7.6135179847162284
1,4,W0,difference,F4,0.024656461520572659,16.507162870146562,7.3104461584958162,10.583816397232212
1,4,SELECTED,common,Fz,0.42287893760689443,20.598370471264243,23.074237851139561,6.7661125737512702
1,4,SELECTED,common,F3,0.92606944915951073,8.9877403758348375,3.9589003131666738,10.227929434626667
1,4,SELECTED,common,F4,0.91541858133646536,9.2117935561266879,8.2989922121537916,8.5679744618016365
1,4,SELECTED,difference,Fz,0.057429323694116644,56.891203296112643,60.686766819466428,5.1354720886154919
1,4,SELECTED,difference,F3,-0.4639674446949888,26.023086687771823,19.376291452423668,7.5040937625789219
1,4,SELECTED,difference,F4,0.18326886568590164,23.587255693274145,15.154707794144731,10.471194973906275
1,5,P0,common,Fz,0.33896448585305938,10.340974768433183,12.974927420475527,16.691269259634907
1,5,P0,common,F3,0.73355922515453365,8.5597254356926218,6.3637512523737039,6.4336990016457083
1,5,P0,common,F4,0.81512464287392206,5.9406561343079067,9.1384125509983072,6.304363937358322
1,5,P0,difference,Fz,-0.26578298547373436,25.109461436531564,34.133374630539066,32.812625869714886
1,5,P0,difference,F3,-0.09726558159450284,13.478061806365186,8.3307563410843084,6.0506859112946998
1,5,P0,difference,F4,0.34492921523449488,22.145783531840628,7.5207641544179413,16.326601547332249
1,5,W0,common,Fz,0.73942701574569347,5.2446150808105632,6.3208344306058715,5.4617545450390068
1,5,W0,common,F3,0.75806298929903859,7.5017749163656298,6.5553500045565336,7.7432916623624939
1,5,W0,common,F4,0.75697895337610599,7.3827710099680122,8.0761813653535839,7.3469101477942305
1,5,W0,difference,Fz,0.010620031821224816,7.6607600985425552,5.2021328012991725,5.8966679753687368
1,5,W0,difference,F3,0.040894770431705307,7.6869510266826921,6.2902650490915928,3.8449642122055345
1,5,W0,difference,F4,-0.02053417820172827,11.235790641142604,3.9630201969492589,9.0505411674493246
1,5,SELECTED,common,Fz,0.75214386858157622,5.1573392236999389,6.2766923743929759,5.4264438561496
1,5,SELECTED,common,F3,0.76904908497935487,7.4450582371775438,6.5265598388806572,7.726622070014689
1,5,SELECTED,common,F4,0.76423069584342362,7.3277162684815496,8.0450255238862702,7.3220231572233638
1,5,SELECTED,difference,Fz,0.057492533551585172,7.4669125740584166,5.0632945252911945,5.8508840231006003
1,5,SELECTED,difference,F3,0.058584361577701485,7.4213071839534397,6.1569565916843549,3.6803541780045461
1,5,SELECTED,difference,F4,0.0059712612650283017,10.951145118410993,3.7884658452119404,8.8848936134885168
1,6,P0,common,Fz,0.14297193824092824,15.119028199715782,19.740878462100763,11.312935996327299
1,6,P0,common,F3,0.88261993825479035,2.803685887572358,5.5517932943731809,4.4352765575005284
1,6,P0,common,F4,0.86964027588046566,5.2374882945187657,9.5017795623138728,6.4574022802730413
1,6,P0,difference,Fz,-0.044149076805237983,21.542011019385157,37.201479809209545,30.074596412431774
1,6,P0,difference,F3,-0.53582684320106677,9.9309833725114895,4.7171069174081159,6.4127513463034589
1,6,P0,difference,F4,0.29997748011561798,24.444196204525884,17.113784625312565,9.1963136058568509
1,6,W0,common,Fz,0.83308854235863361,8.9464638048631162,7.2638297055501857,6.5504587682485074
1,6,W0,common,F3,0.90542363881584498,6.49144728056981,8.8123201778517846,4.5402480008173089
1,6,W0,common,F4,0.91902216379789758,4.0068528437602575,8.3500765921400042,5.8226067032846363
1,6,W0,difference,Fz,-0.019576599188905062,7.1251778332545443,5.1474622787010622,7.3469908971452584
1,6,W0,difference,F3,-0.34595007975124192,8.6834359451961394,8.0648036118095821,4.1375210911955831
1,6,W0,difference,F4,-0.0059947828546167738,11.726392037921025,8.7535350039627193,5.0198996840798076
1,6,SELECTED,common,Fz,0.21778836487314085,10.476792158394609,7.2418520622853038,11.312935996327299
1,6,SELECTED,common,F3,0.90018836167381477,5.5104380318126696,8.7941775850336334,4.4352765575005284
1,6,SELECTED,common,F4,0.92280930541362483,3.5549211111326624,8.323333766246872,6.4574022802730413
1,6,SELECTED,difference,Fz,0.011690732366336399,27.014311777415397,5.050141259062416,30.074596412431774
1,6,SELECTED,difference,F3,-0.66933612201252457,8.1418703741649239,8.0119870144173628,6.4127513463034589
1,6,SELECTED,difference,F4,0.39490331708058646,15.489647580443972,8.5626409100163787,9.1963136058568509
1,7,P0,common,Fz,0.61899084263294213,20.913603957164845,24.39142708620404,5.3866767965047586
1,7,P0,common,F3,0.27906938969251371,7.7469169196862593,6.957330587645548,5.1966039637081511
1,7,P0,common,F4,0.23338220086585099,10.595134035661985,10.79717539152189,6.788410681898708
1,7,P0,difference,Fz,-0.46096898572511819,76.273318431889791,69.361836050289341,7.7649091996300683
1,7,P0,difference,F3,-0.2082106590902712,15.778731078906583,9.7471363017607171,6.7208124570323902
1,7,P0,difference,F4,0.2449265560695946,10.356901720718653,7.7137860175993538,8.5491310438163612
1,7,W0,common,Fz,0.86737258819119489,5.773012778428444,6.8954765465506753,5.1736690184240608
1,7,W0,common,F3,0.38510635550961958,14.844023518720871,8.8519488770423838,10.374183026783381
1,7,W0,common,F4,0.49249080849964016,13.958693398909958,10.952850222937204,8.3618815404563058
1,7,W0,difference,Fz,0.44569214775483312,13.889719610479618,10.35145975418726,5.0371007531798195
1,7,W0,difference,F3,-0.026301582737016181,5.0792051997213843,5.5871528682814642,2.46928920057249
1,7,W0,difference,F4,0.59796675841814195,4.3626002042167835,5.9011400395757292,3.0655597324748514
1,7,SELECTED,common,Fz,0.87779267577197795,5.7144944718990951,6.8814127542321071,5.1244734341706275
1,7,SELECTED,common,F3,0.38621652089536745,14.824342246813936,8.8495262041723972,10.358236959573098
1,7,SELECTED,common,F4,0.49576927666098602,13.94879588048957,10.957594432338869,8.3359098761810397
1,7,SELECTED,difference,Fz,0.49838134887248908,13.807124572196601,10.343512472736085,4.8902615244343597
1,7,SELECTED,difference,F3,-0.048381628811935654,4.8617732021989442,5.4999265926672285,2.2352439891972415
1,7,SELECTED,difference,F4,0.66841696424787778,4.1247647712189375,5.8292648623114118,2.8545677005179053
1,8,P0,common,Fz,0.27957827762542026,12.282926083448126,17.626754462337757,12.214202267605929
1,8,P0,common,F3,0.026055220410966855,20.600092085976257,11.706166952462373,10.928881451071538
1,8,P0,common,F4,0.27580436518707119,20.687174723680233,8.810831735428394,15.801768231341912
1,8,P0,difference,Fz,-0.1748828263466059,22.566531584374932,31.133412762500573,36.190160395899341
1,8,P0,difference,F3,-0.34014340720317843,5.9962428647607968,4.6948843144636987,5.8162532720876987
1,8,P0,difference,F4,-0.73026466865167527,20.749880463946891,13.914646438495653,7.58529267467281
1,8,W0,common,Fz,0.67849750591904612,6.2896161285091221,4.829632489087051,7.2783879246581193
1,8,W0,common,F3,0.22563081102581681,19.940499817905049,12.629703383788074,10.536281169031108
1,8,W0,common,F4,0.32171903283728759,21.951480842089889,11.795720604292535,13.90121364711781
1,8,W0,difference,Fz,-0.049864041989628682,14.072582069458374,4.4763617001252349,10.758182633577382
1,8,W0,difference,F3,-0.51887274889604373,8.8580792012904244,3.0620151994048124,8.5887345609900976
1,8,W0,difference,F4,-0.52453681403502084,22.475174251425507,12.981065739994527,10.180036455504688
1,8,SELECTED,common,Fz,0.36801343556295818,11.385363630297149,4.8282614253996465,12.214202267605929
1,8,SELECTED,common,F3,0.20440035137750195,21.262811352858311,12.663885526618145,10.928881451071538
1,8,SELECTED,common,F4,0.37894149458648774,24.121415923907499,11.771438117040114,15.801768231341912
1,8,SELECTED,difference,Fz,-0.58003211276239475,39.888838396675695,4.2981633611082684,36.190160395899341
1,8,SELECTED,difference,F3,-0.37806474892681252,6.1626493893345122,2.9052523876807568,5.8162532720876987
1,8,SELECTED,difference,F4,-0.70253914373823545,19.759962284664596,12.971624126173444,7.58529267467281
1,9,P0,common,Fz,0.25432883617016111,11.602341381865243,12.182040717832367,17.54058775558444
1,9,P0,common,F3,0.82899458628926592,4.1958929194852734,3.4783891177970871,6.2683043368928741
1,9,P0,common,F4,0.88900089185674136,5.9988282056921634,7.9696627574247527,7.992875752741524
1,9,P0,difference,Fz,-0.22522859501944825,23.941849490546563,35.265004088366354,32.293133279433498
1,9,P0,difference,F3,-0.61523038496386218,11.497536857803766,6.9899860225349126,5.5426563513758138
1,9,P0,difference,F4,-0.14531002830592621,18.733229347545201,7.8445973180077608,13.456503137852138
1,9,W0,common,Fz,0.7942412508145984,5.0308064448364913,5.0917439361665933,6.6730820346695818
1,9,W0,common,F3,0.88735565088291291,4.1242370543902345,5.4587444052148095,6.9068963478426477
1,9,W0,common,F4,0.81643584942525971,4.7516240330254451,6.1585715027735812,7.996431451672434
1,9,W0,difference,Fz,0.11353537697791347,13.826633455840968,10.156478253369855,5.7402316779827496
1,9,W0,difference,F3,-0.33852438278077618,9.5928378601006088,8.055469621007461,2.997782414281454
1,9,W0,difference,F4,0.22847926565273405,12.243368406958353,5.3001154038481566,8.6574676844642315
1,9,SELECTED,common,Fz,0.81249398769040093,4.8940418743430438,5.0302084628947092,6.6301973777179031
1,9,SELECTED,common,F3,0.90341432310165493,4.0283858452317096,5.4376361322406126,6.8770903076878369
1,9,SELECTED,common,F4,0.8264638413681118,4.6225861075740129,6.1196290803610287,7.9577311507559871
1,9,SELECTED,difference,Fz,0.17390756775531008,13.771144907512213,10.143513276387596,5.6451926588514469
1,9,SELECTED,difference,F3,-0.35456106945255678,9.4742389944132395,7.9883237848984976,2.8130781768295097
1,9,SELECTED,difference,F4,0.32978323876188864,12.169043779327458,5.1674995577327003,8.6157702515955759
1,10,P0,common,Fz,0.59152261389147043,20.150892606781994,4.7538092595848775,23.043961891169729
1,10,P0,common,F3,0.67831011459759682,16.753778906336031,10.589915792016479,8.501358681909851
1,10,P0,common,F4,0.90002446315129137,11.716337242913822,7.1247951037344537,11.23723933367191
1,10,P0,difference,Fz,-0.39279465370275962,53.919982858384472,5.5104959598353815,56.728218588343282
1,10,P0,difference,F3,-0.44157117031301035,10.779825404585058,4.7372966375590764,7.7197738279064252
1,10,P0,difference,F4,-0.57267385076925348,22.472679030279846,16.032771023776839,7.7822795708308581
1,10,W0,common,Fz,0.89023848723141341,3.2823944906144482,4.5793488832310603,6.3947150445934335
1,10,W0,common,F3,0.8302014357736901,12.714099830135526,10.408413446941255,6.8112832410186916
1,10,W0,common,F4,0.84917899996948454,13.531018777244194,9.6196511175744597,9.5607326334823206
1,10,W0,difference,Fz,-0.44814488222162457,9.6504458796156545,5.6263254589144891,6.9914148803069764
1,10,W0,difference,F3,-0.63314288350086201,18.168764148715024,7.3071277490882736,11.820884662233674
1,10,W0,difference,F4,-0.64869544849900262,25.71994871484068,15.685705697637879,10.660651317709208
1,10,SELECTED,common,Fz,0.90752771829150614,3.1211118756703091,4.5192868024241744,6.356831751001061
1,10,SELECTED,common,F3,0.83834043547086556,12.646229232438236,10.38641185143358,6.763455652802298
1,10,SELECTED,common,F4,0.85937752721304461,13.482882277911514,9.5939534336924108,9.527264356028569
1,10,SELECTED,difference,Fz,-0.45244425485960144,9.4298266024119464,5.5147039756190255,6.8938442419326904
1,10,SELECTED,difference,F3,-0.6706559938595994,18.048636450510848,7.196317947406051,11.760760533849991
1,10,SELECTED,difference,F4,-0.65549419565059497,25.579649915923678,15.577274845246071,10.598012509012559
1,11,P0,common,Fz,0.1621410154466284,12.11654300585332,14.083941047879673,17.293842643453043
1,11,P0,common,F3,0.84751271188336597,3.5379826425732275,4.131730291954292,6.1419370744349671
1,11,P0,common,F4,0.94429684379618983,2.4663387067514808,7.328181500685794,7.9217759680191282
1,11,P0,difference,Fz,-0.25204408444943138,35.166478671465889,22.860904839899753,45.23993886655132
1,11,P0,difference,F3,-0.7098241190467971,10.713881641374465,6.2083450073770647,5.8572409228369091
1,11,P0,difference,F4,-0.1834560386790571,13.976128723371071,5.0651535245586556,12.147936318050656
1,11,W0,common,Fz,0.88819867904539507,4.9920703456014506,4.6812339415719721,6.8333866220538839
1,11,W0,common,F3,0.88033873015150488,5.3900276287942779,5.5504473492874205,7.4736145754077308
1,11,W0,common,F4,0.93121045531580704,5.0389267443428336,5.9156377581762589,8.3579303113183698
1,11,W0,difference,Fz,-0.29666019709613567,16.261086628876082,6.7797101175997394,11.135776521706251
1,11,W0,difference,F3,-0.62802094540086806,12.560050278728299,8.6201148991916945,5.897846099289751
1,11,W0,difference,F4,-0.184521466142821,14.481818388333975,6.9884250965560604,9.3957279114704555
1,11,SELECTED,common,Fz,0.7820616316778698,18.283754417155404,4.6190720837693497,17.293842643453043
1,11,SELECTED,common,F3,0.90539916142093768,4.3014478662455904,5.5315316815183602,6.1419370744349671
1,11,SELECTED,common,F4,0.91312105993523696,5.6779736113742736,5.8769287196181041,7.9217759680191282
1,11,SELECTED,difference,Fz,-0.044351293589547432,49.29754642111461,6.6404685917644235,45.23993886655132
1,11,SELECTED,difference,F3,-0.59171729860803035,10.656758862463359,8.5775400502287269,5.8572409228369091
1,11,SELECTED,difference,F4,0.1775012625370947,15.74190718021905,6.9091080098659434,12.147936318050656
1,12,P0,common,Fz,0.60889128066237597,18.241221725343713,22.184288437128718,6.2862130179543554
1,12,P0,common,F3,0.87240790575566096,5.6848146969450815,3.9396134300002061,6.9162557224361754
1,12,P0,common,F4,0.57652316203549925,8.4234370250229471,6.3222988807346567,10.077286471972082
1,12,P0,difference,Fz,-0.080486473477081516,58.046228469628133,59.41142480226226,3.7778332259543159
1,12,P0,difference,F3,-0.76230891737218109,25.469746616293239,11.541201696436756,14.408367576156937
1,12,P0,difference,F4,-0.18277837705248895,20.350375269157535,14.224470918545697,9.4287041281090609
1,12,W0,common,Fz,0.92998397611608707,3.9753594816046576,5.7759418854670219,5.5161073097890219
1,12,W0,common,F3,0.94823564654120818,3.4111568971216073,5.2563411063954417,7.1372074119039226
1,12,W0,common,F4,0.93767202652822246,3.941913113925366,6.3789073519374924,7.5914318662211544
1,12,W0,difference,Fz,0.0020594154483604284,6.8710937246911588,6.766388898300348,3.8893164091945547
1,12,W0,difference,F3,-0.50822977505357159,15.076575551905808,5.3841354787209266,10.397307341060197
1,12,W0,difference,F4,0.058250986722848022,12.436787427110824,9.5481068754946783,4.7925063310661393
1,12,SELECTED,common,Fz,0.49508183405931316,21.221199310402231,22.184288437128718,5.4797153952295092
1,12,SELECTED,common,F3,0.87847305146570587,5.8962666092879976,3.9396134300002061,7.1139507339043044
1,12,SELECTED,common,F4,0.67567185481170844,5.6468566150608668,6.3222988807346567,7.5689812997982315
1,12,SELECTED,difference,Fz,-0.066284519489291371,57.890216146777213,59.41142480226226,3.698876749978095
1,12,SELECTED,difference,F3,-0.75966613145836237,21.522245480459876,11.541201696436756,10.376648078448147
1,12,SELECTED,difference,F4,-0.13423732413024439,17.408067395847567,14.224470918545697,4.5913452908027113
1,13,P0,common,Fz,0.19816382890695991,12.191020687262236,11.746533356020771,17.742948574753132
1,13,P0,common,F3,0.6989362288306018,5.5965839728196531,4.7887614978035016,6.3970209730558043
1,13,P0,common,F4,0.81704433111475794,4.5220842240762291,7.1951762717388199,7.9924269772267316
1,13,P0,difference,Fz,-0.12383250001421645,28.831406059524017,41.158977745102,26.593243512355247
1,13,P0,difference,F3,-0.79107754197459701,29.097868490041105,13.445149911673241,16.099999560706294
1,13,P0,difference,F4,-0.19293217800802717,21.349018703605058,14.845352970184695,9.5053859253503639
1,13,W0,common,Fz,0.83343966754488419,3.6495938429592689,5.3024592420427821,6.1176786809594796
1,13,W0,common,F3,0.67515055652932632,5.523718644289918,7.5308675640295073,5.8945464082808847
1,13,W0,common,F4,0.91556277484919646,3.3404969291010262,7.7812621534400774,6.1986623707359758
1,13,W0,difference,Fz,-0.023545327025621812,13.586884409186997,9.3408963863375316,5.8092132671129173
1,13,W0,difference,F3,-0.55912574039645957,17.860063948799539,7.4514963673044878,11.324365467470784
1,13,W0,difference,F4,0.19321979420348184,11.016156782827755,8.5360610734137641,4.5927694069493352
1,13,SELECTED,common,Fz,0.20114180039350324,19.735567402534258,5.3048550195314093,17.742948574753132
1,13,SELECTED,common,F3,0.64734900841648724,5.8027913837715586,7.5268722116575582,6.3970209730558043
1,13,SELECTED,common,F4,0.91530016743941656,5.3330206886849769,7.7707178341778587,7.9924269772267316
1,13,SELECTED,difference,Fz,-0.17815588248297723,22.044544729233102,9.4089728434227418,26.593243512355247
1,13,SELECTED,difference,F3,-0.36580260988220187,22.191441743477966,7.3551970280251595,16.099999560706294
1,13,SELECTED,difference,F4,0.33543445528645549,14.148050454419415,8.4798310816352718,9.5053859253503639
1,14,P0,common,Fz,0.27651026820971003,11.627694879307006,18.369202598792949,12.48058127836469
1,14,P0,common,F3,0.63901416881080786,9.0388335805197091,6.4070354356863728,7.2005837080702797
1,14,P0,common,F4,0.75033813371777669,5.5885191361130939,8.5259042265365181,7.6703592278092962
1,14,P0,difference,Fz,-0.24907754892092432,29.716537601864076,41.296251159690343,27.686915051970225
1,14,P0,difference,F3,-0.66829124547143215,16.887717509867443,9.3711142242264565,8.3197391472504556
1,14,P0,difference,F4,-0.72553194730584714,23.485880083561039,14.48957160824588,12.358288102862826
1,14,W0,common,Fz,0.85698391338843338,4.714715772966386,7.0487985654619596,4.553934964043024
1,14,W0,common,F3,0.46375591944373484,18.125321775419518,9.35862171129458,12.3191685318107
1,14,W0,common,F4,0.78947432608308954,9.6222197006710033,8.6385859500774984,8.3503402413165784
1,14,W0,difference,Fz,-0.33311438506165769,10.255024677197774,6.7138554922324074,6.2669878562352972
1,14,W0,difference,F3,-0.32658801342382915,7.8891205225850349,5.7407960417393298,4.0246920294285555
1,14,W0,difference,F4,-0.4363557071514591,12.221228010274434,8.1519031801673343,7.6126885580415014
1,14,SELECTED,common,Fz,0.65439488179623906,16.923891178198222,18.369202598792949,4.5087022741748592
1,14,SELECTED,common,F3,0.67333842593111815,14.049293218319255,6.4070354356863728,12.31142027143993
1,14,SELECTED,common,F4,0.85496788673228064,7.7344059333132904,8.5259042265365181,8.317583186914522
1,14,SELECTED,difference,Fz,0.023224297473679944,36.935343331123349,41.296251159690343,6.1757632373576605
1,14,SELECTED,difference,F3,-0.28243902881384908,10.158811742332967,9.3711142242264565,3.795769172333884
1,14,SELECTED,difference,F4,-0.46017197194956116,18.621697145958549,14.48957160824588,7.4427931052199252
1,15,P0,common,Fz,0.63410747198107187,21.720647650939224,24.945901599141052,4.3284338976186056
1,15,P0,common,F3,0.51898411176260217,7.1355636443409765,7.3997836530328893,3.9658804184275351
1,15,P0,common,F4,0.42160749799565173,9.2602942843407501,10.796528202278941,5.7312316929124423
1,15,P0,difference,Fz,-0.39442111604654567,75.613679391842396,69.031695036492664,7.5330812664362261
1,15,P0,difference,F3,0.031618742455097083,4.8639796373879909,4.5222843187076105,2.6174960713201596
1,15,P0,difference,F4,-0.34995437459143208,18.178215069367724,13.044058500789685,8.5966011739896526
1,15,W0,common,Fz,0.92988245835066896,5.0692141340734365,7.2259454397305927,3.9870809580985189
1,15,W0,common,F3,0.6713831116962119,9.7600942875498333,8.4787557687673996,6.7772435170819385
1,15,W0,common,F4,0.64737718817894518,10.345471193226153,10.65327668781655,5.2140006702508357
1,15,W0,difference,Fz,0.29176371822029334,15.39588266843087,10.569309836777258,6.4048862852795301
1,15,W0,difference,F3,-0.070050355135973547,8.1162573067195289,3.3001614657676521,7.291376575215649
1,15,W0,difference,F4,-0.11411806193673531,15.538107676156459,9.975293978393788,7.2023005723178182
1,15,SELECTED,common,Fz,0.54367375679018193,23.496535878130178,24.945901599141052,3.9367260398518433
1,15,SELECTED,common,F3,0.76496294658164832,8.4257912859370254,7.3997836530328893,6.7589068786929172
1,15,SELECTED,common,F4,0.64282149401290845,10.935144283287624,10.796528202278941,5.1804037870139181
1,15,SELECTED,difference,Fz,-0.31251858714914132,73.945376480232298,69.031695036492664,6.2520735988897007
1,15,SELECTED,difference,F3,-0.43804011636373097,6.7513735422703194,4.5222843187076105,7.2711835054785157
1,15,SELECTED,difference,F4,-0.2448076256843443,18.591204623549228,13.044058500789685,7.174384771704414
1,16,P0,common,Fz,0.36395299000273612,10.681373847314427,13.176783085718633,16.657570641013731
1,16,P0,common,F3,0.48229901478176224,13.410967361650707,8.554275896871042,7.9930220385314401
1,16,P0,common,F4,0.93558736136662835,11.324167841665641,11.789163050612958,5.7639140938056137
1,16,P0,difference,Fz,-0.22826028159824371,24.255762662030328,32.444687096991608,34.59116984132784
1,16,P0,difference,F3,-0.70073325157690081,26.238618491899004,11.830365071963028,14.948029054494276
1,16,P0,difference,F4,-0.83039598549382099,29.35114877302162,15.862883352998571,15.792387874261939
1,16,W0,common,Fz,0.87683835117232845,4.2200308799193023,7.0892349591810149,3.6992258062639061
1,16,W0,common,F3,0.76065788138711776,9.1824464419471585,8.2879393189080552,6.6248704026184368
1,16,W0,common,F4,0.89733184675664013,12.258227348601181,10.473140686569289,7.3669885466042198
1,16,W0,difference,Fz,0.23636255128278386,8.7834159612806424,7.5305664341995531,4.2157741034752094
1,16,W0,difference,F3,-0.4597623865181254,13.440573553375897,5.3049474904446203,9.7090581256107527
1,16,W0,difference,F4,-0.10218720980082245,12.371954305452444,8.1920520829029471,6.2694947606029308
1,16,SELECTED,common,Fz,0.59788687290656717,17.440576239797661,7.0630378747249294,16.657570641013731
1,16,SELECTED,common,F3,0.51022941009573053,10.920848836486323,8.2931752488757926,7.9930220385314401
1,16,SELECTED,common,F4,0.9370687856387655,8.9449919791472361,10.469084465321966,5.7639140938056137
1,16,SELECTED,difference,Fz,0.41527013475583885,28.340018626495944,7.4441835301184858,34.59116984132784
1,16,SELECTED,difference,F3,-0.00078969880193013821,17.844297768516459,5.1788669437350228,14.948029054494276
1,16,SELECTED,difference,F4,-0.079213189653441249,19.646901671376551,8.1181081367836736,15.792387874261939
1,17,P0,common,Fz,0.28381041064410645,13.121350516577374,10.503434748473714,19.141767693831568
1,17,P0,common,F3,0.50177741936776654,13.127349625626522,6.4087327962172589,9.5108047805455449
1,17,P0,common,F4,0.46707372084377696,12.601709237809867,10.131158943674917,9.1676265655325615
1,17,P0,difference,Fz,-0.11724276736689188,25.948030918636249,39.067537052357245,27.553794871422017
1,17,P0,difference,F3,-0.32268543871016098,8.2251738189212489,4.575011894506555,5.433968945907468
1,17,P0,difference,F4,-0.19703636844693692,11.278901114030724,8.3592194837946412,8.3451345100118743
1,17,W0,common,Fz,0.61838854298221535,11.102637600565496,7.5315767627218637,7.7792824178938416
1,17,W0,common,F3,0.7515033991236949,6.1185650247196408,5.527627115890045,7.6952020593462409
1,17,W0,common,F4,0.74880439617921701,6.6152701006193464,7.2151753215519454,7.7313238058419156
1,17,W0,difference,Fz,0.52597342508589195,5.2611797949596015,6.1538049292251582,3.4067908246658254
1,17,W0,difference,F3,-0.14283824751054977,5.676956254657946,4.70139548064369,4.7787998621902226
1,17,W0,difference,F4,-0.14729182419054002,8.6914003115440064,7.968397965735142,2.8268658851303181
1,17,SELECTED,common,Fz,0.57882589793536721,7.6285482818552532,10.503434748473714,7.7601990666326
1,17,SELECTED,common,F3,0.47700513598290889,10.896492076885172,6.4087327962172589,7.6988572766533121
1,17,SELECTED,common,F4,0.45964024123998126,12.247101184464192,10.131158943674917,7.7140434672000646
1,17,SELECTED,difference,Fz,0.32149813099918201,37.981854084284628,39.067537052357245,3.2559662492210171
1,17,SELECTED,difference,F3,-0.40821294761412863,7.6765960973275744,4.575011894506555,4.6929570623606471
1,17,SELECTED,difference,F4,-0.33714638497818727,9.2240284877470877,8.3592194837946412,2.5372825793360811
1,18,P0,common,Fz,0.71000809481914018,25.095865069313628,3.9808350059732192,26.508854523157218
1,18,P0,common,F3,0.74186101267232396,7.1610211548208866,6.9755212531016939,4.7210513109450938
1,18,P0,common,F4,0.71364910189380071,8.7783740467709386,7.8276746328177991,9.1927412342160171
1,18,P0,difference,Fz,-0.51397150759657584,66.630415488149907,4.8595937605707809,64.543821194513455
1,18,P0,difference,F3,-0.30728949003553541,6.2426402812511279,4.2278686495695688,4.131025992380148
1,18,P0,difference,F4,0.37634213660137444,9.2069392087233428,6.2827647193771208,8.97756833600676
1,18,W0,common,Fz,0.85344849016525115,4.7103549132338616,4.8792353500381553,6.696963645623625
1,18,W0,common,F3,0.86640360999570565,5.0027187471441898,6.9916773940089012,6.3579208371983524
1,18,W0,common,F4,0.87278516154382046,9.4715348072826888,8.0893474035299029,8.5491435662998487
1,18,W0,difference,Fz,-0.09579520304955956,11.22204786398615,5.096613308655515,8.6140670269752846
1,18,W0,difference,F3,-0.53150905815829774,8.5715190094419089,3.3121946205754846,7.0413546396926234
1,18,W0,difference,F4,0.1446855003494735,6.7066107872766745,4.7438954247142915,6.2684506968630007
1,18,SELECTED,common,Fz,0.86750518851838254,4.6412475437328879,4.8223417907870942,6.6759034845479333
1,18,SELECTED,common,F3,0.87252621394397611,4.9254926362496061,6.9657405534315098,6.3378371974191614
1,18,SELECTED,common,F4,0.88025082649417918,9.4286043224851461,8.0649140544625268,8.5199637804819481
1,18,SELECTED,difference,Fz,-0.066672239788159116,11.113482460152481,4.9601579108886966,8.5992139538173973
1,18,SELECTED,difference,F3,-0.56146045581431747,8.3453306363155395,3.1023276365291994,6.939411402504593
1,18,SELECTED,difference,F4,0.18603014018288352,6.3385404373044718,4.5715941667289481,6.1043121127092572
1,19,P0,common,Fz,0.54365974040794041,23.706613060399057,3.6915812897442302,25.882807121683765
1,19,P0,common,F3,0.9111347189691742,4.7293042146940225,4.8008934040927906,5.8086697355757639
1,19,P0,common,F4,0.86155523509274312,4.20556377175419,6.3766079318111846,8.6623625960085135
1,19,P0,difference,Fz,-0.28311292772201957,58.834548074641525,5.2993791086346098,60.581818673449746
1,19,P0,difference,F3,-0.74725540832081883,19.710244849255869,9.47200013301563,10.953016725161381
1,19,P0,difference,F4,-0.1756210751059879,15.313982431885094,12.293008971287341,6.627493036700411
1,19,W0,common,Fz,0.83050726127356456,4.1214643130454647,4.0684451444058807,6.7983407106893843
1,19,W0,common,F3,0.89704928494955183,6.2952816585032148,7.5950477045290388,5.8692710695196411
1,19,W0,common,F4,0.90153618184052375,5.9626415284538421,6.9054893147606276,7.7631797017965161
1,19,W0,difference,Fz,-0.20904726147659586,7.9639232154415769,5.0682285218729852,6.4325396672535309
1,19,W0,difference,F3,-0.69320728705517309,13.395828293735917,6.7394259487796591,8.4179435192643091
1,19,W0,difference,F4,-0.47970754488260192,13.242529158665448,10.445244438595157,3.7962855442627061
1,19,SELECTED,common,Fz,0.47286368347741964,26.391106462653536,4.002160233100251,25.882807121683765
1,19,SELECTED,common,F3,0.87617803877859579,6.8066473711673305,7.5727783385464988,5.8086697355757639
1,19,SELECTED,common,F4,0.91072360292126386,6.8891079435525189,6.8609933537379417,8.6623625960085135
1,19,SELECTED,difference,Fz,-0.24914418095311303,58.478724949601506,4.9779224571509175,60.581818673449746
1,19,SELECTED,difference,F3,-0.18855164984326445,14.634999398913825,6.5991177580309843,10.953016725161381
1,19,SELECTED,difference,F4,0.22360333672262953,11.911846830577646,10.267401147759069,6.627493036700411
2,0,P0,common,Fz,0.99574567998282371,6.499481409065182,24.845846249129735,30.558890361271601
2,0,P0,common,F3,0.87849331924068219,17.099256656758921,28.402451260770519,36.565182027556311
2,0,P0,common,F4,0.84956011639571261,28.644241292071886,43.803691415482,40.599645121423592
2,0,P0,difference,Fz,-0.31699971351319939,11.77104817566423,7.7748482474467311,9.219735384843311
2,0,P0,difference,F3,-0.92114097518976013,75.283582560155594,44.95024172425704,32.873012192925579
2,0,P0,difference,F4,0.17268478894767475,81.768435252450558,93.346841387849707,22.734529791002501
2,0,W0,common,Fz,0.99062314349315739,7.5727605517175887,24.813413751501812,30.815081059627008
2,0,W0,common,F3,0.99390159759873875,13.349091545999213,21.924587858591785,34.697155107102347
2,0,W0,common,F4,0.97375102110353362,21.230917871126476,35.983728915951325,37.91795292007852
2,0,W0,difference,Fz,-0.54318293861059097,12.644542399968863,8.9816940689700875,6.2994823442165933
2,0,W0,difference,F3,-0.32506285289895298,30.446962487133678,25.615771952317417,6.8426634476406907
2,0,W0,difference,F4,-0.67161132851373118,19.009523697185632,7.0637315221892374,13.528822077834077
2,0,SELECTED,common,Fz,0.99106548318397936,7.5356545026155759,24.802087278444038,30.816855410808881
2,0,SELECTED,common,F3,0.9945695862253805,13.328433295736451,21.928051856617301,34.699248882527868
2,0,SELECTED,common,F4,0.97399262506117767,21.227954317461695,35.983042774679554,37.930191828587539
2,0,SELECTED,difference,Fz,-0.56238513566728043,12.484458635526178,8.8401712911663868,6.2075988458990556
2,0,SELECTED,difference,F3,-0.33364151187841756,30.372445016181675,25.54305408455815,6.7667499874865893
2,0,SELECTED,difference,F4,-0.68496704835627265,18.929489176133853,6.9388679962859872,13.488211098601335
2,1,P0,common,Fz,0.99472841945464896,3.1972070230921354,28.696829162793936,27.316834758592719
2,1,P0,common,F3,0.94821973916393543,15.395901842088538,26.352461840082363,36.776804271667963
2,1,P0,common,F4,0.96941097097278428,16.260300164606718,44.097480743218824,35.801586988933352
2,1,P0,difference,Fz,0.62336837345401896,6.0176986146252762,8.5465366702867929,4.3508092790040802
2,1,P0,difference,F3,-0.92654539160625382,94.345720809899348,39.863021050174773,55.970833432559651
2,1,P0,difference,F4,0.47363692624957549,33.86460281552516,57.953009493596888,50.378560729322452
2,1,W0,common,Fz,0.99129092664223939,5.6933762292777139,30.08928712453789,26.422473486595752
2,1,W0,common,F3,0.98301774888179805,4.8643946314643376,27.218620261058316,29.109047180251849
2,1,W0,common,F4,0.98668320825272138,6.6721921946405898,38.107731575486831,34.662933838978248
2,1,W0,difference,Fz,0.50786003812810598,4.0800672705502272,3.6723012474568959,5.5867862191744315
2,1,W0,difference,F3,-0.44879516859820295,46.590046300904717,13.93884815858565,33.896711814180271
2,1,W0,difference,F4,0.55641172526890259,21.694340786236758,14.618497462966848,10.244468284748448
2,1,SELECTED,common,Fz,0.9917190808824774,5.6623014366599911,30.08643907983107,26.406491684984903
2,1,SELECTED,common,F3,0.98351095676676381,4.801665159477909,27.221929643471949,29.126938226363905
2,1,SELECTED,common,F4,0.98693142515372279,6.6178180264843931,38.108381317613826,34.661733841183477
2,1,SELECTED,difference,Fz,0.54090027799512153,3.8213017547698214,3.525697389204232,5.4478479976782985
2,1,SELECTED,difference,F3,-0.45670493639456888,46.542678612908759,13.914228336891508,33.842942140914047
2,1,SELECTED,difference,F4,0.56592053564636036,21.648221385120802,14.576287552882256,10.18520368497223
2,2,P0,common,Fz,0.9953591880048378,5.4258811576069652,28.758438042707724,27.486285186519023
2,2,P0,common,F3,0.91547862163210614,14.628320392341175,35.773653418812408,25.932136715021514
2,2,P0,common,F4,0.75510131486142551,43.463274257660153,38.958960383341413,50.218878485410606
2,2,P0,difference,Fz,-0.56463639710959324,18.183506107677452,14.143479010472031,6.4812767239507165
2,2,P0,difference,F3,-0.75129825252912086,69.084392023578729,29.63774017851555,41.929722338143151
2,2,P0,difference,F4,0.46484644206248238,67.761614512823769,25.842821338047894,82.568600080582598
2,2,W0,common,Fz,0.99511133388199235,4.1319184229323902,28.68851796756536,27.617622630942485
2,2,W0,common,F3,0.98361250590927352,8.6012269473924103,30.732259425031579,23.848058472766617
2,2,W0,common,F4,0.98551660348110504,27.292378643026847,35.631193818634458,41.398532457289953
2,2,W0,difference,Fz,-0.80985176313696261,23.741516560725604,12.251816491742455,12.846358407574193
2,2,W0,difference,F3,-0.17884615725397746,35.844280582803805,10.447942921597257,28.762784632324983
2,2,W0,difference,F4,-0.68096530365286045,20.786913800545374,16.327081929801466,7.6453354673789384
2,2,SELECTED,common,Fz,0.99574019765225874,4.0258027128462759,28.668013258854259,27.616897443902214
2,2,SELECTED,common,F3,0.98442977047303104,8.5388607267026995,30.732780761832593,23.8527073119308
2,2,SELECTED,common,F4,0.98613240618475728,27.273978850960649,35.614853568083582,41.402743257062141
2,2,SELECTED,difference,Fz,-0.83161216224075551,23.672607120452,12.202066888393476,12.76112418030487
2,2,SELECTED,difference,F3,-0.18162956360465263,35.789510462103259,10.387038238067587,28.71770937744067
2,2,SELECTED,difference,F4,-0.69517520114515718,20.71674834928336,16.281643058509403,7.541214784780669
2,3,P0,common,Fz,0.99344420762821128,4.2239740690988317,28.560527062237988,28.227758177327946
2,3,P0,common,F3,0.8979159899633421,17.66374234891726,27.438994675733998,40.160960510880571
2,3,P0,common,F4,0.95532826856482322,33.072279677811132,45.307827256333255,40.393049183924603
2,3,P0,difference,Fz,0.051195676552838618,9.0987547161271394,8.9552276250808323,7.3875835246176917
2,3,P0,difference,F3,-0.87000767975064208,84.160164816648205,32.49884243584907,53.80821537181793
2,3,P0,difference,F4,0.51974250820984436,75.58573653280294,21.664158942344923,79.923774409658066
2,3,W0,common,Fz,0.99134330815052996,4.9159380328745925,29.756942577021892,27.177276002461831
2,3,W0,common,F3,0.97949862564550216,8.1582448582266487,28.925963642724764,28.171437988006325
2,3,W0,common,F4,0.99104778315461972,5.0982150462808278,37.623066645953955,35.605040540852123
2,3,W0,difference,Fz,-0.28779354070608509,10.577734871504184,6.7661624207958102,6.6880587970210037
2,3,W0,difference,F3,0.36278044891629074,14.341394179601169,7.3683328768489007,18.890791744228821
2,3,W0,difference,F4,0.22441505854943028,15.763906902395671,12.005817571029125,9.5788675726626717
2,3,SELECTED,common,Fz,0.99187691370860676,4.8456388450180805,29.737454484747271,27.163434938357476
2,3,SELECTED,common,F3,0.98029798321548822,8.0769014940068633,28.932315835880051,28.174512242743358
2,3,SELECTED,common,F4,0.99146651267278774,5.0190796418637129,37.625459179884942,35.590556621107254
2,3,SELECTED,difference,Fz,-0.29595087630495814,10.418592932651757,6.6341973769440328,6.564245973252917
2,3,SELECTED,difference,F3,0.37914290921245797,14.297437847229125,7.2176443946844007,18.871058751046167
2,3,SELECTED,difference,F4,0.23409623084694664,15.675374999661349,11.95905178330174,9.4907612681383675
2,4,P0,common,Fz,0.98387157617707288,7.9735476193553021,29.396997623102646,27.194608934430509
2,4,P0,common,F3,0.89498066996906256,15.229555064760486,32.624208091738964,31.4777823671647
2,4,P0,common,F4,0.94221812445575326,22.780753455114024,41.262830628962014,40.586586271326382
2,4,P0,difference,Fz,-0.024663815535863127,8.9333358359212038,6.9566157403674751,7.8384348350862512
2,4,P0,difference,F3,-0.88109623304311957,111.03113987140945,64.520704970729895,47.434313921025087
2,4,P0,difference,F4,0.76850390291415793,53.52075830025391,71.362772670055818,39.04128039724165
2,4,W0,common,Fz,0.99043613683376508,6.5940255469110047,28.911266171531228,27.817428056869623
2,4,W0,common,F3,0.97603708809251988,10.482094086427978,23.279249019987823,31.953589821625176
2,4,W0,common,F4,0.98976627242883153,8.1680100954237727,36.07308725086223,36.480038267823019
2,4,W0,difference,Fz,-0.33357153301603809,13.092032387097561,9.4955254865210819,5.6225734689937141
2,4,W0,difference,F3,-0.69183954950591997,66.549205073411102,45.579074510720403,21.681752464553274
2,4,W0,difference,F4,-0.10332205641882948,40.361401755845534,20.054786576607963,22.649857094106469
2,4,SELECTED,common,Fz,0.99083063028705165,6.5496608738873148,28.916293585276357,27.799975082700911
2,4,SELECTED,common,F3,0.97659690518369557,10.469185187812464,23.278531844816658,31.960915436210566
2,4,SELECTED,common,F4,0.99002208302224415,8.1501683781313261,36.084508235497765,36.477225497361275
2,4,SELECTED,difference,Fz,-0.34832549184202161,13.031749610893403,9.4435398681740423,5.4938029396922481
2,4,SELECTED,difference,F3,-0.69983923282588623,66.551778399389406,45.557245517747113,21.68181183536095
2,4,SELECTED,difference,F4,-0.10295527221990017,40.407099319418435,20.070466804153213,22.644341654919728
2,5,P0,common,Fz,0.9953591880048378,5.4258811576069652,28.758438042707724,27.486285186519023
2,5,P0,common,F3,0.91547862163210614,14.628320392341175,35.773653418812408,25.932136715021514
2,5,P0,common,F4,0.75510131486142551,43.463274257660153,38.958960383341413,50.218878485410606
2,5,P0,difference,Fz,-0.56463639710959324,18.183506107677452,14.143479010472031,6.4812767239507165
2,5,P0,difference,F3,-0.75129825252912086,69.084392023578729,29.63774017851555,41.929722338143151
2,5,P0,difference,F4,0.46484644206248238,67.761614512823769,25.842821338047894,82.568600080582598
2,5,W0,common,Fz,0.99511133388199235,4.1319184229323902,28.68851796756536,27.617622630942485
2,5,W0,common,F3,0.98361250590927352,8.6012269473924103,30.732259425031579,23.848058472766617
2,5,W0,common,F4,0.98551660348110504,27.292378643026847,35.631193818634458,41.398532457289953
2,5,W0,difference,Fz,-0.80985176313696261,23.741516560725604,12.251816491742455,12.846358407574193
2,5,W0,difference,F3,-0.17884615725397746,35.844280582803805,10.447942921597257,28.762784632324983
2,5,W0,difference,F4,-0.68096530365286045,20.786913800545374,16.327081929801466,7.6453354673789384
2,5,SELECTED,common,Fz,0.99574019765225874,4.0258027128462759,28.668013258854259,27.616897443902214
2,5,SELECTED,common,F3,0.98442977047303104,8.5388607267026995,30.732780761832593,23.8527073119308
2,5,SELECTED,common,F4,0.98613240618475728,27.273978850960649,35.614853568083582,41.402743257062141
2,5,SELECTED,difference,Fz,-0.83161216224075551,23.672607120452,12.202066888393476,12.76112418030487
2,5,SELECTED,difference,F3,-0.18162956360465263,35.789510462103259,10.387038238067587,28.71770937744067
2,5,SELECTED,difference,F4,-0.69517520114515718,20.71674834928336,16.281643058509403,7.541214784780669
2,6,P0,common,Fz,0.98989748447750614,5.3245325613561159,29.415905888062824,27.339601267580093
2,6,P0,common,F3,0.86650238695619486,23.20603359240426,28.23777155953562,37.406129418968312
2,6,P0,common,F4,0.87110704827402352,37.21931290218923,49.42021616927574,37.063256258104687
2,6,P0,difference,Fz,-0.68729681838333023,21.170863661934202,12.13116746892638,12.584318878000509
2,6,P0,difference,F3,-0.8864308512150042,57.04650269772786,29.377899532689508,32.372062539732497
2,6,P0,difference,F4,0.28476101185900582,45.834112702192542,66.95642347047081,37.700214583545289
2,6,W0,common,Fz,0.99200386387446893,5.1882760563907757,30.130059715574404,26.99913232811129
2,6,W0,common,F3,0.96076176213934983,19.590633090366751,25.089424505371834,33.660444211006563
2,6,W0,common,F4,0.99154507326390928,7.8082613374985277,36.514226212703115,36.835605659918528
2,6,W0,difference,Fz,-0.81825211978821821,21.670664455770211,11.582260466451837,11.488733561381942
2,6,W0,difference,F3,-0.87578012424078078,30.255598566914475,12.661980465665325,24.304091681112649
2,6,W0,difference,F4,-0.88052916409892124,40.448036076083625,15.50378169741608,25.658660865230623
2,6,SELECTED,common,Fz,0.99245910637340129,5.1134653652350046,30.114792182044667,26.978930643700753
2,6,SELECTED,common,F3,0.96156543944980077,19.594844229217554,25.077288208825962,33.683356248116269
2,6,SELECTED,common,F4,0.99183225755460136,7.7615716430928083,36.505487828503881,36.830782067731121
2,6,SELECTED,difference,Fz,-0.82937993680713629,21.586119211775287,11.474891089896182,11.441096492926446
2,6,SELECTED,difference,F3,-0.88454459574066291,30.208526621482523,12.57394319109371,24.279567305492794
2,6,SELECTED,difference,F4,-0.88709793952165628,40.393984644300708,15.450231606413551,25.618279611445079
2,7,P0,common,Fz,0.99693029279336154,2.8163164577417441,28.836804964659244,27.552911066238234
2,7,P0,common,F3,0.91294151950951186,20.274797392632969,36.005784228727144,34.004028635267879
2,7,P0,common,F4,0.95436554383861072,53.303071920426959,51.557868582775399,43.506233639769768
2,7,P0,difference,Fz,-0.16011117145356854,10.655950914188754,10.2182438583613,5.3159585463177512
2,7,P0,difference,F3,-0.90417519389339329,128.55430697501404,56.891748029966742,72.592212827427986
2,7,P0,difference,F4,0.39155952842875363,107.16651614040509,25.567658187165286,95.417460823174579
2,7,W0,common,Fz,0.99721586541299501,4.3358618708622494,30.022638394315855,26.436001697454497
2,7,W0,common,F3,0.99256830120193873,18.291782218139545,36.898400542168147,22.751705444030101
2,7,W0,common,F4,0.99464096508547528,21.55796978435033,42.683242376867547,33.111519335736013
2,7,W0,difference,Fz,-0.50679480491044093,14.324880943051697,7.1481081399572934,9.0504178294548172
2,7,W0,difference,F3,-0.80039590411427142,78.906915901698298,30.879389540348274,48.613525966554079
2,7,W0,difference,F4,-0.29887683115569114,48.839791309651176,29.928740336844825,20.862412565786993
2,7,SELECTED,common,Fz,0.99755457646959933,4.2664711774776167,30.005958845914783,26.437339459004573
2,7,SELECTED,common,F3,0.99324116257511008,18.307559502563489,36.917262904188341,22.753941828682308
2,7,SELECTED,common,F4,0.99496797596370112,21.591286690068248,42.693126401636306,33.118491144985782
2,7,SELECTED,difference,Fz,-0.52831162711767898,14.222708483362066,7.0448025734949526,8.9573428666446429
2,7,SELECTED,difference,F3,-0.80644458714782752,78.901874240541744,30.868925795042422,48.601096778968007
2,7,SELECTED,difference,F4,-0.30434520262017284,48.830207205294258,29.89727878004285,20.852988706091196
2,8,P0,common,Fz,0.99417371382791853,6.3295394076990066,30.949445093376266,25.457533799772449
2,8,P0,common,F3,0.88777044951586259,23.25013458273931,37.561774421692682,26.718528746870494
2,8,P0,common,F4,0.94626353001312946,32.692705458962095,48.628128607265474,34.813425574443684
2,8,P0,difference,Fz,-0.42912012923849324,14.18359545541017,9.5569186663133259,9.2046519339859731
2,8,P0,difference,F3,-0.78760445236560039,47.398264369181241,27.713783454682925,23.815346096252902
2,8,P0,difference,F4,-0.38981280967790155,81.081060479572727,87.76563530610332,22.307518016477196
2,8,W0,common,Fz,0.994536188330014,7.0566010752517494,31.44525964421393,25.165788511379066
2,8,W0,common,F3,0.97584882220276525,18.240449263921072,36.530387717147626,19.389180791215779
2,8,W0,common,F4,0.99495025640808921,11.365623283322094,39.587741553076455,32.904472572557786
2,8,W0,difference,Fz,-0.61639827077542531,13.087359440257794,7.0256846044271706,8.3022190310904751
2,8,W0,difference,F3,-0.32389972547721441,25.280595448097838,19.391108608397513,12.982902494640523
2,8,W0,difference,F4,-0.32694249335910158,53.005490485228108,23.893823384671265,30.301499834333868
2,8,SELECTED,common,Fz,0.99504624748277049,6.9630183557781979,31.423237478131533,25.165872690519198
2,8,SELECTED,common,F3,0.97699519217101138,18.238802587310087,36.556183845251759,19.389820649664145
2,8,SELECTED,common,F4,0.99521764522133604,11.280644337367786,39.584845194158206,32.904906073792148
2,8,SELECTED,difference,Fz,-0.6366156453119709,13.001464988403189,6.9332040392145338,8.2096557513065775
2,8,SELECTED,difference,F3,-0.32942597857644546,25.225009049779384,19.348596009893956,12.931739484879195
2,8,SELECTED,difference,F4,-0.32946050949132555,53.036687412069838,23.914982639745702,30.28583162402666
2,9,P0,common,Fz,0.99657727477560831,3.7132105748359989,28.872191916684525,27.11739752451151
2,9,P0,common,F3,0.70275023682259519,29.652605145049225,42.860465580687055,21.28542127544392
2,9,P0,common,F4,0.90245289277772711,20.33109268307517,38.761491224953851,42.517594488179505
2,9,P0,difference,Fz,0.11870680413262054,8.6751743200982165,6.9938495117303621,8.0301199101728908
2,9,P0,difference,F3,-0.32461665053332267,30.766746194149512,22.785434062347019,13.969896222961069
2,9,P0,difference,F4,0.31285582850212185,62.512728645033356,26.668865911102408,81.088225075847603
2,9,W0,common,Fz,0.99319600583585121,4.9183593153722107,28.811267998836531,27.522237160750688
2,9,W0,common,F3,0.90121248619485483,30.875602475370499,40.640150608372018,18.014784090904147
2,9,W0,common,F4,0.99565957834272512,9.9077822562828555,37.542680022969535,35.142007946433829
2,9,W0,difference,Fz,-0.11822133987146533,7.3922152031719204,6.639404076113947,3.8431020189080671
2,9,W0,difference,F3,0.533860581857593,9.0681537835348163,9.8740389169921983,13.952070816788964
2,9,W0,difference,F4,0.046098912805673617,27.434490773787946,14.289523048663755,16.784188279392414
2,9,SELECTED,common,Fz,0.99353366726368164,4.8798419876778647,28.814518292676837,27.510137927493652
2,9,SELECTED,common,F3,0.9019135387274948,30.858272395343246,40.639860783411088,18.002211198599362
2,9,SELECTED,common,F4,0.99588229471617551,9.8854842547077233,37.55631769333344,35.135759003428767
2,9,SELECTED,difference,Fz,-0.1174108347340196,7.0866688902713149,6.5312137412773819,3.5056954161776472
2,9,SELECTED,difference,F3,0.55144905638736419,8.9272620695510092,9.8143452029060114,13.867218454444465
2,9,SELECTED,difference,F4,0.061262912025898432,27.402859653757144,14.258080719870687,16.742179137619797
2,10,P0,common,Fz,0.99551135795049184,8.4987675541340408,30.722045351665876,26.479279478885971
2,10,P0,common,F3,0.94522471131335073,23.289304493854193,42.16963722756293,24.475262864130844
2,10,P0,common,F4,0.9535778550980365,40.039856817718253,43.922774508153275,45.558415369863489
2,10,P0,difference,Fz,-0.48289627846561378,15.557901651461975,10.785639948373733,9.9323301589459767
2,10,P0,difference,F3,-0.93111680420971876,90.678990897617268,55.92310958052721,36.763366626146897
2,10,P0,difference,F4,0.37364815481202845,59.486994983106456,74.19916272122812,28.041646311472668
2,10,W0,common,Fz,0.99579208889531734,6.4491509102444153,29.792839980168985,27.335364671418606
2,10,W0,common,F3,0.96599248493631318,10.371375882740097,33.153695867619831,24.863664623846585
2,10,W0,common,F4,0.98938126273354909,24.514096491580627,38.015398739216103,39.912540055865847
2,10,W0,difference,Fz,-0.66611726493171264,15.108177257514409,9.7036418892189253,7.0823448127914279
2,10,W0,difference,F3,-0.78633485334941466,46.914549952870765,35.5008083984564,11.995690178598867
2,10,W0,difference,F4,-0.7583708097232621,38.33880158080391,21.16502728119454,21.651243012162645
2,10,SELECTED,common,Fz,0.99620333777364178,6.3803097328516074,29.770535530582173,27.340100504272069
2,10,SELECTED,common,F3,0.96639354573913572,10.366628849627455,33.166371341785087,24.856855662803845
2,10,SELECTED,common,F4,0.98978206000564117,24.492822803463564,38.000449699569565,39.922723799105668
2,10,SELECTED,difference,Fz,-0.68455160993291797,14.999731234573646,9.638755203121061,6.9362973132121404
2,10,SELECTED,difference,F3,-0.80380101849295982,46.902332061150851,35.474977215961616,11.956314500206489
2,10,SELECTED,difference,F4,-0.76585840677433104,38.323790272234987,21.141200094184782,21.621292543910879
2,11,P0,common,Fz,0.99756655486800472,6.8312441770528753,26.890803998635654,29.331403913560184
2,11,P0,common,F3,0.63265136751614792,28.905231272872726,27.959708724632286,38.690860233399789
2,11,P0,common,F4,0.95200890308427732,18.304196395945453,33.643428079120632,46.220082649349422
2,11,P0,difference,Fz,-0.2922954505794304,11.699931185809975,10.126682628748538,6.5409325695184295
2,11,P0,difference,F3,-0.52145366050451969,57.646471805379655,22.178310652774847,37.680578840652501
2,11,P0,difference,F4,-0.35361299642150634,100.87722032973316,15.127375824962616,100.76907524165037
2,11,W0,common,Fz,0.99795157828110181,4.9201243127601169,26.995385900404287,29.303367412397851
2,11,W0,common,F3,0.98913282675928837,9.1771908328296874,26.603208382377801,29.411442150204557
2,11,W0,common,F4,0.99669204421369428,16.529934938517599,38.007757582702105,35.797245043334492
2,11,W0,difference,Fz,-0.47472927261876036,13.297435284960857,7.1657824082388792,8.5837552068964182
2,11,W0,difference,F3,-0.042793163300185275,42.527300806154642,14.630076744772916,31.78009959255515
2,11,W0,difference,F4,-0.41260174891543072,47.04358439153728,27.62057168448295,20.600449222815296
2,11,SELECTED,common,Fz,0.99751350940163208,5.6530963944528168,26.890803998635654,29.304839657323633
2,11,SELECTED,common,F3,0.98782400062834153,10.694130357482898,27.959708724632286,29.412923384989625
2,11,SELECTED,common,F4,0.99286570218884929,4.7212435150874867,33.643428079120632,35.803185972031756
2,11,SELECTED,difference,Fz,-0.48055729752892756,16.925317593500026,10.126682628748538,8.4385719213630299
2,11,SELECTED,difference,F3,-0.080506150157310968,50.888429642766468,22.178310652774847,31.74005234183392
2,11,SELECTED,difference,F4,-0.59890255224752964,24.039323354957919,15.127375824962616,20.581146651948444
2,12,P0,common,Fz,0.985395499813989,9.2771204389174589,26.154704690000873,30.285139385517404
2,12,P0,common,F3,0.89261431139683622,12.790618384284182,32.240164274811782,30.201222595252982
2,12,P0,common,F4,0.93198359274049158,24.33939291779733,38.563574562785675,43.26582736832529
2,12,P0,difference,Fz,0.490672849810185,4.9014635961312125,6.3111627511749528,6.1293074082492396
2,12,P0,difference,F3,-0.78617580846783208,61.954890935227716,27.801232818175887,37.222079859658763
2,12,P0,difference,F4,0.68997059933526106,50.971614767237469,41.667180256822519,68.454342983665597
2,12,W0,common,Fz,0.99116339767272721,6.2367665762273923,26.502412341482501,29.970809364916864
2,12,W0,common,F3,0.98259332135901578,8.3641311027775238,29.741742264068755,25.515309003563214
2,12,W0,common,F4,0.98907951931271365,14.352570341031631,35.73425782865003,37.600498742963893
2,12,W0,difference,Fz,-0.093671279388545123,7.454140752628696,6.2393680402286185,5.021019500196279
2,12,W0,difference,F3,0.73905433386050101,7.9144226375334359,12.416639085844066,12.508072457896425
2,12,W0,difference,F4,0.27621622570757642,27.810809057559915,18.812605213593979,11.714856439963874
2,12,SELECTED,common,Fz,0.99174629301511652,6.1705236107254171,26.483729003913759,29.952568778955801
2,12,SELECTED,common,F3,0.98324556151292575,8.3149439599453281,29.749151862954108,25.513809974569856
2,12,SELECTED,common,F4,0.98944359263895398,14.316215856387743,35.730857337437946,37.588257504332695
2,12,SELECTED,difference,Fz,-0.11068695730994893,7.3376060278277055,6.0928124016581391,4.9491619997959688
2,12,SELECTED,difference,F3,0.76610892747963943,7.7921543428104076,12.313946069921641,12.494579074883175
2,12,SELECTED,difference,F4,0.28614688633704721,27.85096319576839,18.798795939422249,11.717240546344646
2,13,P0,common,Fz,0.98307846121209241,7.733313918486437,28.682156912016104,27.914922872776398
2,13,P0,common,F3,0.89140556993969566,16.617741787430319,31.996424508167529,30.572254571029895
2,13,P0,common,F4,0.7185860508407278,52.223869712399697,42.765593842768176,51.195073729849106
2,13,P0,difference,Fz,0.027589130078599609,9.5886141621427754,6.9335395416685692,8.9383527331173003
2,13,P0,difference,F3,-0.90682924018496702,60.344766786252769,27.80064425904699,35.782977059730875
2,13,P0,difference,F4,0.49684039523126389,30.143318123929713,53.807362560252059,49.712724070537796
2,13,W0,common,Fz,0.98580063045734634,9.9657622160163299,28.730565145177536,28.321515118918612
2,13,W0,common,F3,0.98847521562629281,9.0517499474773526,29.675400349268781,25.883197881832807
2,13,W0,common,F4,0.97367543138709833,26.309416739914887,34.849951966653016,41.771364416111751
2,13,W0,difference,Fz,-0.27599031822281811,9.4121612080711632,6.5998090200258295,5.7235960560071746
2,13,W0,difference,F3,0.044979756055358179,15.439552090704312,7.3152153102971829,18.249897538341198
2,13,W0,difference,F4,-0.048576152431961069,32.791446989049795,16.409375030797559,19.609398998902407
2,13,SELECTED,common,Fz,0.98814180045769884,8.7171215210518032,28.682156912016104,28.309538173876565
2,13,SELECTED,common,F3,0.88535932780814697,16.109242198087191,31.996424508167529,25.887179015881657
2,13,SELECTED,common,F4,0.89558989882729245,46.441111510434212,42.765593842768176,41.776030130122898
2,13,SELECTED,difference,Fz,-0.216455352544909,10.535378703400029,6.9335395416685692,5.5865073200297202
2,13,SELECTED,difference,F3,-0.49015870742347423,36.379354021398434,27.80064425904699,18.197611138755633
2,13,SELECTED,difference,F4,-0.13858117459380415,71.528966483195987,53.807362560252059,19.576218689858607
2,14,P0,common,Fz,0.99883468948281395,2.6087876164667509,28.913366671897425,26.758330339187385
2,14,P0,common,F3,0.77348822232663861,22.913937270085029,26.759418740175427,36.986732109193902
2,14,P0,common,F4,0.94186383710774546,14.638225582285578,37.923941558255699,41.928972700747053
2,14,P0,difference,Fz,-0.50418934630953882,15.988432315958727,8.7900680237374544,11.191247143246528
2,14,P0,difference,F3,-0.69462015348872086,37.691213523192097,25.617973518841804,17.386603855286186
2,14,P0,difference,F4,0.4753216988511364,53.168327392116957,30.451893297433184,75.772235166104437
2,14,W0,common,Fz,0.9950305415669638,4.5646290989997951,28.39411263868697,27.308645600463976
2,14,W0,common,F3,0.94285473648047391,23.432593935377867,20.406610455505497,36.346526539805964
2,14,W0,common,F4,0.99468186962546223,3.793572379050453,35.796605697451866,36.11871642004013
2,14,W0,difference,Fz,-0.66609333710220531,14.406193300962764,9.4690893821499991,7.1157120082945484
2,14,W0,difference,F3,-0.8296306104767337,31.652438127504109,27.69638510595902,9.2249923797791222
2,14,W0,difference,F4,-0.48874011818694274,37.716555874647113,24.125969278619436,14.928871968054574
2,14,SELECTED,common,Fz,0.99527575047790773,4.5065363631318558,28.394552035079673,27.309039646504019
2,14,SELECTED,common,F3,0.94322184130796638,23.404496365885787,20.41530948680553,36.345908633115698
2,14,SELECTED,common,F4,0.99490894983001643,3.7256691331909058,35.805551099593892,36.125957724253325
2,14,SELECTED,difference,Fz,-0.68531747806882548,14.338002938020932,9.3858144963806751,7.0350172331751617
2,14,SELECTED,difference,F3,-0.83918882527962757,31.603637781565222,27.654401110607818,9.1547353845567283
2,14,SELECTED,difference,F4,-0.49941305336907937,37.687265386625377,24.088942632383887,14.902326733889401
2,15,P0,common,Fz,0.99333920263060971,5.7746937399928235,28.518753118198934,27.85367039670404
2,15,P0,common,F3,0.90511877973661226,13.939907265197492,32.511072480727165,32.657625170542588
2,15,P0,common,F4,0.92002795225331457,15.948362825000872,39.044708010403781,40.527067449369582
2,15,P0,difference,Fz,0.12443683591130494,7.9643364863208737,4.8025551439265008,8.466319142093619
2,15,P0,difference,F3,-0.87967522477315607,82.280894161600358,49.923839977485329,33.87854419623126
2,15,P0,difference,F4,0.75919049824859131,25.036732620513636,47.104909792600509,58.674032654591294
2,15,W0,common,Fz,0.99593567013254203,5.4148555743129423,27.616474719454342,28.708046150314004
2,15,W0,common,F3,0.9813116628109263,11.251256863063627,22.883052460309624,33.193390232750751
2,15,W0,common,F4,0.9943580535464337,12.080341087778599,36.666535409336191,36.147156473090099
2,15,W0,difference,Fz,-0.39265098446604429,13.951668691723327,9.481501867509385,6.7126921517384615
2,15,W0,difference,F3,-0.38318837198005906,23.378674333724735,21.623109781898027,5.6292779571206797
2,15,W0,difference,F4,0.29436212372628434,18.179287091881697,12.761110749129465,9.2594747315796386
2,15,SELECTED,common,Fz,0.99622346610308254,5.3271833318348687,27.616370380684032,28.686110275779271
2,15,SELECTED,common,F3,0.98183518354066135,11.235930802578547,22.888561540173168,33.207641449040132
2,15,SELECTED,common,F4,0.99462220703248816,12.012455168775434,36.666130768628371,36.13916757827878
2,15,SELECTED,difference,Fz,-0.41773452685488222,13.8288795509101,9.3636297830420023,6.6160916839190511
2,15,SELECTED,difference,F3,-0.39328837354078439,23.325227779620583,21.595546281094769,5.4910239839741788
2,15,SELECTED,difference,F4,0.29753354316483088,18.175590744696461,12.709488837059324,9.2353923163729679
2,16,P0,common,Fz,0.99733985081119469,6.6390606675892432,31.076869755828227,25.1170935721861
2,16,P0,common,F3,0.86715641635510354,34.013384483796273,42.271262484064032,27.538163268114143
2,16,P0,common,F4,0.83527086466741018,69.31183625526802,58.809311715974026,44.347154701509119
2,16,P0,difference,Fz,0.3938551928729257,5.7651088394057792,7.2352701631621388,5.7865840750467123
2,16,P0,difference,F3,-0.54557039417547204,43.59177489183881,17.928075389836533,28.131574182504142
2,16,P0,difference,F4,0.38577986071716047,45.606422770093296,39.933255916296481,57.278015844119253
2,16,W0,common,Fz,0.99723806919077906,7.8217325893932736,32.010229173838425,24.668699975458988
2,16,W0,common,F3,0.99535214329664623,22.647668820870937,38.416598519728666,19.775674240877898
2,16,W0,common,F4,0.99793812617004807,18.427039964431625,43.32714599317584,30.371543442384702
2,16,W0,difference,Fz,0.17442223405320109,5.3080623593393961,4.9491577492680916,4.7739784643525738
2,16,W0,difference,F3,-0.20341658662093662,26.871182564930052,6.4651124454142543,21.947971529120785
2,16,W0,difference,F4,0.61522261930486999,6.4493405652753912,8.0494975206760522,8.6874211426644994
2,16,SELECTED,common,Fz,0.9970739500824376,7.0445435255406386,31.076869755828227,24.667143092486032
2,16,SELECTED,common,F3,0.68007467744431849,33.606647784112688,42.271262484064032,19.77600107824459
2,16,SELECTED,common,F4,0.92995166488129755,38.241800490849315,58.809311715974026,30.373048073429814
2,16,SELECTED,difference,Fz,-0.092925691730059531,9.7880598241515653,7.2352701631621388,4.6115263868809562
2,16,SELECTED,difference,F3,-0.39771490833745271,37.139003272151257,17.928075389836533,21.938958620704046
2,16,SELECTED,difference,F4,0.57966042164393394,39.297762300787085,39.933255916296481,8.6208837145581043
2,17,P0,common,Fz,0.99204448153148073,4.7437917639725304,29.441423587033302,27.179977078764708
2,17,P0,common,F3,0.91534041162180479,22.709209654389685,38.166723027760803,27.313604063094903
2,17,P0,common,F4,0.78838970634143679,68.41000580943512,58.14763580138014,45.136381109419901
2,17,P0,difference,Fz,-0.38008838305965004,14.554398774989361,11.100057695193369,8.0919729925165278
2,17,P0,difference,F3,-0.71631955021782134,54.881813456701153,24.320560001312867,33.371211067262401
2,17,P0,difference,F4,0.48237270718078512,65.150103799875623,33.664233162444134,71.720820261260684
2,17,W0,common,Fz,0.99271229958601404,4.8140565468766106,29.633637542679939,26.947864972708565
2,17,W0,common,F3,0.94512914783540436,19.637958998223898,37.169066133446513,20.316258662270904
2,17,W0,common,F4,0.98629065680143468,13.482934415595617,41.168019059176132,32.44202868979837
2,17,W0,difference,Fz,-0.57140391804586588,14.040962988789181,6.8280565039156471,9.1768742315997631
2,17,W0,difference,F3,-0.23842255826705158,50.793357439914772,16.469147000951089,35.163631770272374
2,17,W0,difference,F4,-0.22359225280776054,29.890970201334838,18.235250701126024,14.787125579314292
2,17,SELECTED,common,Fz,0.99442657662542711,4.7821426716121209,29.617626008863734,27.179977078764708
2,17,SELECTED,common,F3,0.83816255252701155,22.729513337031321,37.17881220138073,27.313604063094903
2,17,SELECTED,common,F4,0.92548898666689638,48.276965250856279,41.171351363161008,45.136381109419901
2,17,SELECTED,difference,Fz,-0.36507663470327112,12.113222572677234,6.7335842632977547,8.0919729925165278
2,17,SELECTED,difference,F3,0.093034365488554316,46.853300124920182,16.429383212426753,33.371211067262401
2,17,SELECTED,difference,F4,-0.32996656500049765,88.992370646249441,18.153793097923632,71.720820261260684
2,18,P0,common,Fz,0.9880182879736894,6.1698825711733702,26.147392066365466,30.006733375969254
2,18,P0,common,F3,0.92627110321050699,23.039798492694246,26.24673752542234,38.129128473107457
2,18,P0,common,F4,0.90737452350671355,32.4730279792754,42.807822836442931,42.320345690460314
2,18,P0,difference,Fz,0.23702582738918396,7.8897013788438031,7.0069720628650929,7.5128979811517134
2,18,P0,difference,F3,-0.88510981601713923,104.54792691130537,44.562423068268849,61.059283414986488
2,18,P0,difference,F4,0.37265330886240494,48.26248419011705,35.96164389326988,71.317340132555572
2,18,W0,common,Fz,0.98973913304324113,4.3272837118563583,27.352908165454945,28.877673331833655
2,18,W0,common,F3,0.97785391563705681,13.550815469268136,27.796785081159619,28.904004576650767
2,18,W0,common,F4,0.98689788842034321,27.278919759971679,40.707868378256151,36.024529417302901
2,18,W0,difference,Fz,-0.26634482745331439,9.0094270187291752,6.2654590752304538,5.9001956032605483
2,18,W0,difference,F3,-0.54507630424391917,56.239620546519575,18.497501336619202,38.979370320509929
2,18,W0,difference,F4,-0.42086704820101545,44.96548813040598,24.971493449974812,21.964882101200555
2,18,SELECTED,common,Fz,0.99002544940856707,4.2801032625508171,27.337024527892257,28.883582675759321
2,18,SELECTED,common,F3,0.97859786811725846,13.570040625645165,27.814086486278729,28.904661225033003
2,18,SELECTED,common,F4,0.98717655709843743,27.301763888851983,40.71861067358212,36.030731475806405
2,18,SELECTED,difference,Fz,-0.2794865152052155,8.8195941445572092,6.1363439187047719,5.7438723454492484
2,18,SELECTED,difference,F3,-0.55104202309265715,56.233841165127792,18.474432815328708,38.967678648241275
2,18,SELECTED,difference,F4,-0.42635882891488136,44.959398342471374,24.947739389928689,21.952014477478482
2,19,P0,common,Fz,0.98986672658337471,7.230610839051125,25.159350731216588,31.011661235712555
2,19,P0,common,F3,0.94800874298388227,39.57546372240153,19.920444249323722,47.47127911773692
2,19,P0,common,F4,0.95244802797041983,42.865743489071491,43.702729766839688,45.939839992007528
2,19,P0,difference,Fz,-0.51483748471347091,15.405519629738558,8.6202116556464947,10.968387502136835
2,19,P0,difference,F3,-0.89122807044796959,60.139461822130556,26.022708576860094,37.370407241571222
2,19,P0,difference,F4,0.45249070933569063,82.487736936302326,90.078568710302235,26.028645327099166
2,19,W0,common,Fz,0.99220627563497066,5.8769967950167796,25.842520758430545,30.518432226069255
2,19,W0,common,F3,0.94762812580195843,32.822405308314735,18.353055498986759,41.8591523685052
2,19,W0,common,F4,0.99371845675645853,11.438377327726819,31.998911725521438,40.828260173484004
2,19,W0,difference,Fz,-0.70345778248939295,14.298773935838494,6.5532134122092911,9.672643182045416
2,19,W0,difference,F3,0.58970991617401236,9.1976692693738453,11.432946088772686,14.384732828529092
2,19,W0,difference,F4,-0.81313804907573173,23.614130338569538,8.7741877310396159,17.312551850299762
2,19,SELECTED,common,Fz,0.99259272695389533,5.820919088971114,25.829536323959921,30.49738354381001
2,19,SELECTED,common,F3,0.94859344281742608,32.858637407465288,18.336646354984431,41.892209194058204
2,19,SELECTED,common,F4,0.99400134380956251,11.436702877509715,31.989351425643317,40.828626734304514
2,19,SELECTED,difference,Fz,-0.72393175597010673,14.158646045197823,6.3881792870906189,9.5939189457172311
2,19,SELECTED,difference,F3,0.61093308664665946,9.0442652665412346,11.324073161053267,14.353741710106894
2,19,SELECTED,difference,F4,-0.82779324884644301,23.547366785718303,8.7137763400329913,17.250638494016997
